folder,well,is_peak_1_scan,is_peak_2_scan,is_peak_3_scan,is_peak_4_scan
OY_IL4R_manglende_HL_060910Run01,A01,1687,,,
OY_IL4R_manglende_HL_060910Run01,A01,,1851,,
OY_IL4R_manglende_HL_060910Run01,A01,,,2039,
OY_IL4R_manglende_HL_060910Run01,A01,,,,2810
OY_IL4R_manglende_HL_060910Run01,A02,1692,,,
OY_IL4R_manglende_HL_060910Run01,A02,,1854,,
OY_IL4R_manglende_HL_060910Run01,A02,,,2041,
OY_IL4R_manglende_HL_060910Run01,A02,,,,2809
OY_IL4R_manglende_HL_060910Run01,A03,1691,,,
OY_IL4R_manglende_HL_060910Run01,A03,,1856,,
OY_IL4R_manglende_HL_060910Run01,A03,,,2038,
OY_IL4R_manglende_HL_060910Run01,A03,,,,2809
OY_IL4R_manglende_HL_060910Run01,A04,1678,,,
OY_IL4R_manglende_HL_060910Run01,A04,,1856,,
OY_IL4R_manglende_HL_060910Run01,A04,,,2040,
OY_IL4R_manglende_HL_060910Run01,A04,,,,2810
OY_IL4R_manglende_HL_060910Run01,A05,1696,,,
OY_IL4R_manglende_HL_060910Run01,A05,,1852,,
OY_IL4R_manglende_HL_060910Run01,A05,,,2039,
OY_IL4R_manglende_HL_060910Run01,A05,,,,2808
OY_IL4R_manglende_HL_060910Run01,A06,1683,,,
OY_IL4R_manglende_HL_060910Run01,A06,,1854,,
OY_IL4R_manglende_HL_060910Run01,A06,,,2037,
OY_IL4R_manglende_HL_060910Run01,A06,,,,2809
OY_IL4R_manglende_HL_060910Run01,A07,1681,,,
OY_IL4R_manglende_HL_060910Run01,A07,,1849,,
OY_IL4R_manglende_HL_060910Run01,A07,,,2037,
OY_IL4R_manglende_HL_060910Run01,A07,,,,2807
OY_IL4R_manglende_HL_060910Run01,A08,1680,,,
OY_IL4R_manglende_HL_060910Run01,A08,,1848,,
OY_IL4R_manglende_HL_060910Run01,A08,,,2040,
OY_IL4R_manglende_HL_060910Run01,A08,,,,2810
OY_IL4R_manglende_HL_060910Run01,A09,1693,,,
OY_IL4R_manglende_HL_060910Run01,A09,,1854,,
OY_IL4R_manglende_HL_060910Run01,A09,,,2043,
OY_IL4R_manglende_HL_060910Run01,A09,,,,2810
OY_IL4R_manglende_HL_060910Run01,A10,1689,,,
OY_IL4R_manglende_HL_060910Run01,A10,,1845,,
OY_IL4R_manglende_HL_060910Run01,A10,,,2043,
OY_IL4R_manglende_HL_060910Run01,A10,,,,2811
OY_IL4R_manglende_HL_060910Run01,A11,1685,,,
OY_IL4R_manglende_HL_060910Run01,A11,,1855,,
OY_IL4R_manglende_HL_060910Run01,A11,,,2038,
OY_IL4R_manglende_HL_060910Run01,A11,,,,2807
OY_IL4R_manglende_HL_060910Run01,A12,1693,,,
OY_IL4R_manglende_HL_060910Run01,A12,,1839,,
OY_IL4R_manglende_HL_060910Run01,A12,,,2036,
OY_IL4R_manglende_HL_060910Run01,A12,,,,2808
OY_IL4R_manglende_HL_060910Run01,B01,1691,,,
OY_IL4R_manglende_HL_060910Run01,B01,,1848,,
OY_IL4R_manglende_HL_060910Run01,B01,,,2040,
OY_IL4R_manglende_HL_060910Run01,B01,,,,2806
OY_IL4R_manglende_HL_060910Run01,B02,1687,,,
OY_IL4R_manglende_HL_060910Run01,B02,,1853,,
OY_IL4R_manglende_HL_060910Run01,B02,,,2041,
OY_IL4R_manglende_HL_060910Run01,B02,,,,2810
OY_IL4R_manglende_HL_060910Run01,B03,1679,,,
OY_IL4R_manglende_HL_060910Run01,B03,,1849,,
OY_IL4R_manglende_HL_060910Run01,B03,,,2040,
OY_IL4R_manglende_HL_060910Run01,B03,,,,2810
OY_IL4R_manglende_HL_060910Run01,B04,1680,,,
OY_IL4R_manglende_HL_060910Run01,B04,,1848,,
OY_IL4R_manglende_HL_060910Run01,B04,,,2040,
OY_IL4R_manglende_HL_060910Run01,B04,,,,2816
OY_IL4R_manglende_HL_060910Run01,B05,1683,,,
OY_IL4R_manglende_HL_060910Run01,B05,,1854,,
OY_IL4R_manglende_HL_060910Run01,B05,,,2039,
OY_IL4R_manglende_HL_060910Run01,B05,,,,2810
OY_IL4R_manglende_HL_060910Run01,B06,1675,,,
OY_IL4R_manglende_HL_060910Run01,B06,,1854,,
OY_IL4R_manglende_HL_060910Run01,B06,,,2039,
OY_IL4R_manglende_HL_060910Run01,B06,,,,2810
OY_IL4R_manglende_HL_060910Run01,B07,1680,,,
OY_IL4R_manglende_HL_060910Run01,B07,,1854,,
OY_IL4R_manglende_HL_060910Run01,B07,,,2041,
OY_IL4R_manglende_HL_060910Run01,B07,,,,2808
OY_IL4R_manglende_HL_060910Run01,B08,1687,,,
OY_IL4R_manglende_HL_060910Run01,B08,,1856,,
OY_IL4R_manglende_HL_060910Run01,B08,,,2032,
OY_IL4R_manglende_HL_060910Run01,B08,,,,2812
OY_IL4R_manglende_HL_060910Run01,B09,1678,,,
OY_IL4R_manglende_HL_060910Run01,B09,,1855,,
OY_IL4R_manglende_HL_060910Run01,B09,,,2039,
OY_IL4R_manglende_HL_060910Run01,B09,,,,2811
OY_IL4R_manglende_HL_060910Run01,B10,1678,,,
OY_IL4R_manglende_HL_060910Run01,B10,,1855,,
OY_IL4R_manglende_HL_060910Run01,B10,,,2039,
OY_IL4R_manglende_HL_060910Run01,B10,,,,2809
OY_IL4R_manglende_HL_060910Run01,B11,1682,,,
OY_IL4R_manglende_HL_060910Run01,B11,,1851,,
OY_IL4R_manglende_HL_060910Run01,B11,,,2040,
OY_IL4R_manglende_HL_060910Run01,B11,,,,2807
OY_IL4R_manglende_HL_060910Run01,B12,1687,,,
OY_IL4R_manglende_HL_060910Run01,B12,,1851,,
OY_IL4R_manglende_HL_060910Run01,B12,,,2034,
OY_IL4R_manglende_HL_060910Run01,B12,,,,2811
OY_IL4R_manglende_HL_060910Run01,C01,1686,,,
OY_IL4R_manglende_HL_060910Run01,C01,,1852,,
OY_IL4R_manglende_HL_060910Run01,C01,,,2037,
OY_IL4R_manglende_HL_060910Run01,C01,,,,2809
OY_IL4R_manglende_HL_060910Run01,C02,1683,,,
OY_IL4R_manglende_HL_060910Run01,C02,,1846,,
OY_IL4R_manglende_HL_060910Run01,C02,,,2039,
OY_IL4R_manglende_HL_060910Run01,C02,,,,2809
OY_IL4R_manglende_HL_060910Run01,C03,1694,,,
OY_IL4R_manglende_HL_060910Run01,C03,,1847,,
OY_IL4R_manglende_HL_060910Run01,C03,,,2043,
OY_IL4R_manglende_HL_060910Run01,C03,,,,2808
OY_IL4R_manglende_HL_060910Run01,C04,1684,,,
OY_IL4R_manglende_HL_060910Run01,C04,,1853,,
OY_IL4R_manglende_HL_060910Run01,C04,,,2042,
OY_IL4R_manglende_HL_060910Run01,C04,,,,2813
OY_IL4R_manglende_HL_060910Run01,C05,1683,,,
OY_IL4R_manglende_HL_060910Run01,C05,,1851,,
OY_IL4R_manglende_HL_060910Run01,C05,,,2040,
OY_IL4R_manglende_HL_060910Run01,C05,,,,2810
OY_IL4R_manglende_HL_060910Run01,C06,1693,,,
OY_IL4R_manglende_HL_060910Run01,C06,,1847,,
OY_IL4R_manglende_HL_060910Run01,C06,,,2038,
OY_IL4R_manglende_HL_060910Run01,C06,,,,2808
OY_IL4R_manglende_HL_060910Run01,C07,1686,,,
OY_IL4R_manglende_HL_060910Run01,C07,,1841,,
OY_IL4R_manglende_HL_060910Run01,C07,,,2034,
OY_IL4R_manglende_HL_060910Run01,C07,,,,2809
OY_IL4R_manglende_HL_060910Run01,C08,1688,,,
OY_IL4R_manglende_HL_060910Run01,C08,,1854,,
OY_IL4R_manglende_HL_060910Run01,C08,,,2035,
OY_IL4R_manglende_HL_060910Run01,C08,,,,2808
OY_IL4R_manglende_HL_060910Run01,C09,1687,,,
OY_IL4R_manglende_HL_060910Run01,C09,,1850,,
OY_IL4R_manglende_HL_060910Run01,C09,,,2042,
OY_IL4R_manglende_HL_060910Run01,C09,,,,2809
OY_IL4R_manglende_HL_060910Run01,C10,1689,,,
OY_IL4R_manglende_HL_060910Run01,C10,,1853,,
OY_IL4R_manglende_HL_060910Run01,C10,,,2041,
OY_IL4R_manglende_HL_060910Run01,C10,,,,2810
OY_IL4R_manglende_HL_060910Run01,C11,1689,,,
OY_IL4R_manglende_HL_060910Run01,C11,,1849,,
OY_IL4R_manglende_HL_060910Run01,C11,,,2039,
OY_IL4R_manglende_HL_060910Run01,C11,,,,2810
OY_IL4R_manglende_HL_060910Run01,C12,1687,,,
OY_IL4R_manglende_HL_060910Run01,C12,,1850,,
OY_IL4R_manglende_HL_060910Run01,C12,,,2039,
OY_IL4R_manglende_HL_060910Run01,C12,,,,2811
OY_IL4R_manglende_HL_060910Run01,D01,1686,,,
OY_IL4R_manglende_HL_060910Run01,D01,,1850,,
OY_IL4R_manglende_HL_060910Run01,D01,,,2042,
OY_IL4R_manglende_HL_060910Run01,D01,,,,2808
OY_IL4R_manglende_HL_060910Run01,D02,1687,,,
OY_IL4R_manglende_HL_060910Run01,D02,,1848,,
OY_IL4R_manglende_HL_060910Run01,D02,,,2038,
OY_IL4R_manglende_HL_060910Run01,D02,,,,2810
OY_IL4R_manglende_HL_060910Run01,D03,1686,,,
OY_IL4R_manglende_HL_060910Run01,D03,,1849,,
OY_IL4R_manglende_HL_060910Run01,D03,,,2036,
OY_IL4R_manglende_HL_060910Run01,D03,,,,2806
OY_IL4R_manglende_HL_060910Run01,D04,1686,,,
OY_IL4R_manglende_HL_060910Run01,D04,,1853,,
OY_IL4R_manglende_HL_060910Run01,D04,,,2040,
OY_IL4R_manglende_HL_060910Run01,D04,,,,2809
OY_IL4R_manglende_HL_060910Run01,D05,1686,,,
OY_IL4R_manglende_HL_060910Run01,D05,,1845,,
OY_IL4R_manglende_HL_060910Run01,D05,,,2041,
OY_IL4R_manglende_HL_060910Run01,D05,,,,2810
OY_IL4R_manglende_HL_060910Run01,D06,1687,,,
OY_IL4R_manglende_HL_060910Run01,D06,,1845,,
OY_IL4R_manglende_HL_060910Run01,D06,,,2038,
OY_IL4R_manglende_HL_060910Run01,D06,,,,2810
OY_IL4R_manglende_HL_060910Run01,D07,1683,,,
OY_IL4R_manglende_HL_060910Run01,D07,,1856,,
OY_IL4R_manglende_HL_060910Run01,D07,,,2040,
OY_IL4R_manglende_HL_060910Run01,D07,,,,2810
OY_IL4R_manglende_HL_060910Run01,D08,1691,,,
OY_IL4R_manglende_HL_060910Run01,D08,,1850,,
OY_IL4R_manglende_HL_060910Run01,D08,,,2038,
OY_IL4R_manglende_HL_060910Run01,D08,,,,2806
OY_IL4R_manglende_HL_060910Run01,D09,1688,,,
OY_IL4R_manglende_HL_060910Run01,D09,,1849,,
OY_IL4R_manglende_HL_060910Run01,D09,,,2037,
OY_IL4R_manglende_HL_060910Run01,D09,,,,2809
OY_IL4R_manglende_HL_060910Run01,D10,1686,,,
OY_IL4R_manglende_HL_060910Run01,D10,,1854,,
OY_IL4R_manglende_HL_060910Run01,D10,,,2039,
OY_IL4R_manglende_HL_060910Run01,D10,,,,2807
OY_IL4R_manglende_HL_060910Run01,D11,1686,,,
OY_IL4R_manglende_HL_060910Run01,D11,,1851,,
OY_IL4R_manglende_HL_060910Run01,D11,,,2040,
OY_IL4R_manglende_HL_060910Run01,D11,,,,2811
OY_IL4R_manglende_HL_060910Run01,D12,1688,,,
OY_IL4R_manglende_HL_060910Run01,D12,,1852,,
OY_IL4R_manglende_HL_060910Run01,D12,,,2037,
OY_IL4R_manglende_HL_060910Run01,D12,,,,2807
OY_IL4R_manglende_HL_060910Run01,E01,1688,,,
OY_IL4R_manglende_HL_060910Run01,E01,,1862,,
OY_IL4R_manglende_HL_060910Run01,E01,,,2040,
OY_IL4R_manglende_HL_060910Run01,E01,,,,2809
OY_IL4R_manglende_HL_060910Run01,E02,1688,,,
OY_IL4R_manglende_HL_060910Run01,E02,,1849,,
OY_IL4R_manglende_HL_060910Run01,E02,,,2039,
OY_IL4R_manglende_HL_060910Run01,E02,,,,2810
OY_IL4R_manglende_HL_060910Run01,E03,1684,,,
OY_IL4R_manglende_HL_060910Run01,E03,,1846,,
OY_IL4R_manglende_HL_060910Run01,E03,,,2039,
OY_IL4R_manglende_HL_060910Run01,E03,,,,2810
OY_IL4R_manglende_HL_060910Run01,E04,1688,,,
OY_IL4R_manglende_HL_060910Run01,E04,,1846,,
OY_IL4R_manglende_HL_060910Run01,E04,,,2037,
OY_IL4R_manglende_HL_060910Run01,E04,,,,2810
OY_IL4R_manglende_HL_060910Run01,E05,1684,,,
OY_IL4R_manglende_HL_060910Run01,E05,,1850,,
OY_IL4R_manglende_HL_060910Run01,E05,,,2042,
OY_IL4R_manglende_HL_060910Run01,E05,,,,2809
OY_IL4R_manglende_HL_060910Run01,E06,1688,,,
OY_IL4R_manglende_HL_060910Run01,E06,,1853,,
OY_IL4R_manglende_HL_060910Run01,E06,,,2038,
OY_IL4R_manglende_HL_060910Run01,E06,,,,2807
OY_IL4R_manglende_HL_060910Run01,E07,1687,,,
OY_IL4R_manglende_HL_060910Run01,E07,,1843,,
OY_IL4R_manglende_HL_060910Run01,E07,,,2043,
OY_IL4R_manglende_HL_060910Run01,E07,,,,2811
OY_IL4R_manglende_HL_060910Run01,E08,1688,,,
OY_IL4R_manglende_HL_060910Run01,E08,,1848,,
OY_IL4R_manglende_HL_060910Run01,E08,,,2041,
OY_IL4R_manglende_HL_060910Run01,E08,,,,2808
OY_IL4R_manglende_HL_060910Run01,E09,1684,,,
OY_IL4R_manglende_HL_060910Run01,E09,,1852,,
OY_IL4R_manglende_HL_060910Run01,E09,,,2036,
OY_IL4R_manglende_HL_060910Run01,E09,,,,2808
OY_IL4R_manglende_HL_060910Run01,E10,1686,,,
OY_IL4R_manglende_HL_060910Run01,E10,,1850,,
OY_IL4R_manglende_HL_060910Run01,E10,,,2040,
OY_IL4R_manglende_HL_060910Run01,E10,,,,2808
OY_IL4R_manglende_HL_060910Run01,E11,1685,,,
OY_IL4R_manglende_HL_060910Run01,E11,,1850,,
OY_IL4R_manglende_HL_060910Run01,E11,,,2035,
OY_IL4R_manglende_HL_060910Run01,E11,,,,2807
OY_IL4R_manglende_HL_060910Run01,E12,1685,,,
OY_IL4R_manglende_HL_060910Run01,E12,,1852,,
OY_IL4R_manglende_HL_060910Run01,E12,,,2040,
OY_IL4R_manglende_HL_060910Run01,E12,,,,2807
OY_IL4R_manglende_HL_060910Run01,F01,1687,,,
OY_IL4R_manglende_HL_060910Run01,F01,,1849,,
OY_IL4R_manglende_HL_060910Run01,F01,,,2038,
OY_IL4R_manglende_HL_060910Run01,F01,,,,2812
OY_IL4R_manglende_HL_060910Run01,F02,1685,,,
OY_IL4R_manglende_HL_060910Run01,F02,,1851,,
OY_IL4R_manglende_HL_060910Run01,F02,,,2039,
OY_IL4R_manglende_HL_060910Run01,F02,,,,2810
OY_IL4R_manglende_HL_060910Run01,F03,1685,,,
OY_IL4R_manglende_HL_060910Run01,F03,,1849,,
OY_IL4R_manglende_HL_060910Run01,F03,,,2038,
OY_IL4R_manglende_HL_060910Run01,F03,,,,2806
OY_IL4R_manglende_HL_060910Run01,F04,1685,,,
OY_IL4R_manglende_HL_060910Run01,F04,,1848,,
OY_IL4R_manglende_HL_060910Run01,F04,,,2039,
OY_IL4R_manglende_HL_060910Run01,F04,,,,2808
OY_IL4R_manglende_HL_060910Run01,F05,1684,,,
OY_IL4R_manglende_HL_060910Run01,F05,,1850,,
OY_IL4R_manglende_HL_060910Run01,F05,,,2041,
OY_IL4R_manglende_HL_060910Run01,F05,,,,2810
OY_IL4R_manglende_HL_060910Run01,F06,1686,,,
OY_IL4R_manglende_HL_060910Run01,F06,,1850,,
OY_IL4R_manglende_HL_060910Run01,F06,,,2038,
OY_IL4R_manglende_HL_060910Run01,F06,,,,2810
OY_IL4R_manglende_HL_060910Run01,F07,1685,,,
OY_IL4R_manglende_HL_060910Run01,F07,,1853,,
OY_IL4R_manglende_HL_060910Run01,F07,,,2040,
OY_IL4R_manglende_HL_060910Run01,F07,,,,2802
OY_IL4R_manglende_HL_060910Run01,F08,1685,,,
OY_IL4R_manglende_HL_060910Run01,F08,,1850,,
OY_IL4R_manglende_HL_060910Run01,F08,,,2040,
OY_IL4R_manglende_HL_060910Run01,F08,,,,2798
OY_IL4R_manglende_HL_060910Run01,F09,1685,,,
OY_IL4R_manglende_HL_060910Run01,F09,,1850,,
OY_IL4R_manglende_HL_060910Run01,F09,,,2035,
OY_IL4R_manglende_HL_060910Run01,F09,,,,2809
OY_IL4R_manglende_HL_060910Run01,F10,1684,,,
OY_IL4R_manglende_HL_060910Run01,F10,,1849,,
OY_IL4R_manglende_HL_060910Run01,F10,,,2039,
OY_IL4R_manglende_HL_060910Run01,F10,,,,2806
OY_IL4R_manglende_HL_060910Run01,F11,1682,,,
OY_IL4R_manglende_HL_060910Run01,F11,,1849,,
OY_IL4R_manglende_HL_060910Run01,F11,,,2044,
OY_IL4R_manglende_HL_060910Run01,F11,,,,2811
OY_IL4R_manglende_HL_060910Run01,F12,1686,,,
OY_IL4R_manglende_HL_060910Run01,F12,,1849,,
OY_IL4R_manglende_HL_060910Run01,F12,,,2038,
OY_IL4R_manglende_HL_060910Run01,F12,,,,2810
OY_IL4R_manglende_HL_060910Run01,G01,1687,,,
OY_IL4R_manglende_HL_060910Run01,G01,,1850,,
OY_IL4R_manglende_HL_060910Run01,G01,,,2038,
OY_IL4R_manglende_HL_060910Run01,G01,,,,2807
OY_IL4R_manglende_HL_060910Run01,G02,1685,,,
OY_IL4R_manglende_HL_060910Run01,G02,,1849,,
OY_IL4R_manglende_HL_060910Run01,G02,,,2036,
OY_IL4R_manglende_HL_060910Run01,G02,,,,2810
OY_IL4R_manglende_HL_060910Run01,G03,1684,,,
OY_IL4R_manglende_HL_060910Run01,G03,,1846,,
OY_IL4R_manglende_HL_060910Run01,G03,,,2045,
OY_IL4R_manglende_HL_060910Run01,G03,,,,2809
OY_IL4R_manglende_HL_060910Run01,G04,1683,,,
OY_IL4R_manglende_HL_060910Run01,G04,,1852,,
OY_IL4R_manglende_HL_060910Run01,G04,,,2034,
OY_IL4R_manglende_HL_060910Run01,G04,,,,2808
OY_IL4R_manglende_HL_060910Run01,G05,1676,,,
OY_IL4R_manglende_HL_060910Run01,G05,,1844,,
OY_IL4R_manglende_HL_060910Run01,G05,,,2041,
OY_IL4R_manglende_HL_060910Run01,G05,,,,2806
OY_IL4R_manglende_HL_060910Run01,G06,1688,,,
OY_IL4R_manglende_HL_060910Run01,G06,,1851,,
OY_IL4R_manglende_HL_060910Run01,G06,,,2041,
OY_IL4R_manglende_HL_060910Run01,G06,,,,2810
OY_IL4R_manglende_HL_060910Run01,G07,1685,,,
OY_IL4R_manglende_HL_060910Run01,G07,,1847,,
OY_IL4R_manglende_HL_060910Run01,G07,,,2044,
OY_IL4R_manglende_HL_060910Run01,G07,,,,2810
OY_IL4R_manglende_HL_060910Run01,G08,1688,,,
OY_IL4R_manglende_HL_060910Run01,G08,,1850,,
OY_IL4R_manglende_HL_060910Run01,G08,,,2041,
OY_IL4R_manglende_HL_060910Run01,G08,,,,2816
OY_IL4R_manglende_HL_060910Run01,G09,1686,,,
OY_IL4R_manglende_HL_060910Run01,G09,,1848,,
OY_IL4R_manglende_HL_060910Run01,G09,,,2037,
OY_IL4R_manglende_HL_060910Run01,G09,,,,2812
OY_IL4R_manglende_HL_060910Run01,G10,,,,
OY_IL4R_manglende_HL_060910Run01,G10,,,,
OY_IL4R_manglende_HL_060910Run01,G10,,,,
OY_IL4R_manglende_HL_060910Run01,G10,,,,
OY_IL4R_manglende_HL_060910Run01,G11,1688,,,
OY_IL4R_manglende_HL_060910Run01,G11,,1857,,
OY_IL4R_manglende_HL_060910Run01,G11,,,2037,
OY_IL4R_manglende_HL_060910Run01,G11,,,,2807
OY_IL4R_manglende_HL_060910Run01,G12,1686,,,
OY_IL4R_manglende_HL_060910Run01,G12,,1849,,
OY_IL4R_manglende_HL_060910Run01,G12,,,2033,
OY_IL4R_manglende_HL_060910Run01,G12,,,,2806
OY_IL4R_manglende_HL_060910Run01,H01,1681,,,
OY_IL4R_manglende_HL_060910Run01,H01,,1847,,
OY_IL4R_manglende_HL_060910Run01,H01,,,2037,
OY_IL4R_manglende_HL_060910Run01,H01,,,,2809
OY_IL4R_manglende_HL_060910Run01,H02,1684,,,
OY_IL4R_manglende_HL_060910Run01,H02,,1843,,
OY_IL4R_manglende_HL_060910Run01,H02,,,2050,
OY_IL4R_manglende_HL_060910Run01,H02,,,,2809
OY_IL4R_manglende_HL_060910Run01,H03,1683,,,
OY_IL4R_manglende_HL_060910Run01,H03,,1852,,
OY_IL4R_manglende_HL_060910Run01,H03,,,2041,
OY_IL4R_manglende_HL_060910Run01,H03,,,,2810
OY_IL4R_manglende_HL_060910Run01,H04,1685,,,
OY_IL4R_manglende_HL_060910Run01,H04,,1853,,
OY_IL4R_manglende_HL_060910Run01,H04,,,2040,
OY_IL4R_manglende_HL_060910Run01,H04,,,,2806
OY_IL4R_manglende_HL_060910Run01,H05,1683,,,
OY_IL4R_manglende_HL_060910Run01,H05,,1848,,
OY_IL4R_manglende_HL_060910Run01,H05,,,2041,
OY_IL4R_manglende_HL_060910Run01,H05,,,,2808
OY_IL4R_manglende_HL_060910Run01,H06,1687,,,
OY_IL4R_manglende_HL_060910Run01,H06,,1849,,
OY_IL4R_manglende_HL_060910Run01,H06,,,2036,
OY_IL4R_manglende_HL_060910Run01,H06,,,,2806
OY_IL4R_manglende_HL_060910Run01,H07,1686,,,
OY_IL4R_manglende_HL_060910Run01,H07,,1852,,
OY_IL4R_manglende_HL_060910Run01,H07,,,2039,
OY_IL4R_manglende_HL_060910Run01,H07,,,,2810
OY_IL4R_manglende_HL_060910Run01,H08,1688,,,
OY_IL4R_manglende_HL_060910Run01,H08,,1850,,
OY_IL4R_manglende_HL_060910Run01,H08,,,2040,
OY_IL4R_manglende_HL_060910Run01,H08,,,,2804
OY_IL4R_manglende_HL_060910Run01,H09,1685,,,
OY_IL4R_manglende_HL_060910Run01,H09,,1853,,
OY_IL4R_manglende_HL_060910Run01,H09,,,2038,
OY_IL4R_manglende_HL_060910Run01,H09,,,,2809
OY_IL4R_manglende_HL_060910Run01,H10,1685,,,
OY_IL4R_manglende_HL_060910Run01,H10,,1850,,
OY_IL4R_manglende_HL_060910Run01,H10,,,2043,
OY_IL4R_manglende_HL_060910Run01,H10,,,,2805
OY_IL4R_manglende_HL_060910Run01,H11,1686,,,
OY_IL4R_manglende_HL_060910Run01,H11,,1853,,
OY_IL4R_manglende_HL_060910Run01,H11,,,2037,
OY_IL4R_manglende_HL_060910Run01,H11,,,,2807
OY_IL4R_manglende_HL_060910Run01,H12,1686,,,
OY_IL4R_manglende_HL_060910Run01,H12,,1850,,
OY_IL4R_manglende_HL_060910Run01,H12,,,2038,
OY_IL4R_manglende_HL_060910Run01,H12,,,,2811
OY_IL4R_manglende_HL_060910Run02,A01,1578,,,
OY_IL4R_manglende_HL_060910Run02,A01,,1778,,
OY_IL4R_manglende_HL_060910Run02,A01,,,2201,
OY_IL4R_manglende_HL_060910Run02,A01,,,,2520
OY_IL4R_manglende_HL_060910Run02,A02,1583,,,
OY_IL4R_manglende_HL_060910Run02,A02,,1778,,
OY_IL4R_manglende_HL_060910Run02,A02,,,2204,
OY_IL4R_manglende_HL_060910Run02,A02,,,,2515
OY_IL4R_manglende_HL_060910Run02,A03,1580,,,
OY_IL4R_manglende_HL_060910Run02,A03,,1779,,
OY_IL4R_manglende_HL_060910Run02,A03,,,2205,
OY_IL4R_manglende_HL_060910Run02,A03,,,,2512
OY_IL4R_manglende_HL_060910Run02,A04,1579,,,
OY_IL4R_manglende_HL_060910Run02,A04,,1774,,
OY_IL4R_manglende_HL_060910Run02,A04,,,2201,
OY_IL4R_manglende_HL_060910Run02,A04,,,,2522
OY_IL4R_manglende_HL_060910Run02,A05,1574,,,
OY_IL4R_manglende_HL_060910Run02,A05,,1781,,
OY_IL4R_manglende_HL_060910Run02,A05,,,2199,
OY_IL4R_manglende_HL_060910Run02,A05,,,,2515
OY_IL4R_manglende_HL_060910Run02,A06,1577,,,
OY_IL4R_manglende_HL_060910Run02,A06,,1780,,
OY_IL4R_manglende_HL_060910Run02,A06,,,2201,
OY_IL4R_manglende_HL_060910Run02,A06,,,,2522
OY_IL4R_manglende_HL_060910Run02,A07,1573,,,
OY_IL4R_manglende_HL_060910Run02,A07,,1776,,
OY_IL4R_manglende_HL_060910Run02,A07,,,2202,
OY_IL4R_manglende_HL_060910Run02,A07,,,,2518
OY_IL4R_manglende_HL_060910Run02,A08,1582,,,
OY_IL4R_manglende_HL_060910Run02,A08,,1776,,
OY_IL4R_manglende_HL_060910Run02,A08,,,2195,
OY_IL4R_manglende_HL_060910Run02,A08,,,,2521
OY_IL4R_manglende_HL_060910Run02,A09,1577,,,
OY_IL4R_manglende_HL_060910Run02,A09,,1778,,
OY_IL4R_manglende_HL_060910Run02,A09,,,2201,
OY_IL4R_manglende_HL_060910Run02,A09,,,,2518
OY_IL4R_manglende_HL_060910Run02,A10,1577,,,
OY_IL4R_manglende_HL_060910Run02,A10,,1778,,
OY_IL4R_manglende_HL_060910Run02,A10,,,2200,
OY_IL4R_manglende_HL_060910Run02,A10,,,,2520
OY_IL4R_manglende_HL_060910Run02,A11,1580,,,
OY_IL4R_manglende_HL_060910Run02,A11,,1778,,
OY_IL4R_manglende_HL_060910Run02,A11,,,2202,
OY_IL4R_manglende_HL_060910Run02,A11,,,,2519
OY_IL4R_manglende_HL_060910Run02,A12,1574,,,
OY_IL4R_manglende_HL_060910Run02,A12,,1776,,
OY_IL4R_manglende_HL_060910Run02,A12,,,2200,
OY_IL4R_manglende_HL_060910Run02,A12,,,,2521
OY_IL4R_manglende_HL_060910Run02,B01,1587,,,
OY_IL4R_manglende_HL_060910Run02,B01,,1781,,
OY_IL4R_manglende_HL_060910Run02,B01,,,2207,
OY_IL4R_manglende_HL_060910Run02,B01,,,,2530
OY_IL4R_manglende_HL_060910Run02,B02,1579,,,
OY_IL4R_manglende_HL_060910Run02,B02,,1780,,
OY_IL4R_manglende_HL_060910Run02,B02,,,2201,
OY_IL4R_manglende_HL_060910Run02,B02,,,,2517
OY_IL4R_manglende_HL_060910Run02,B03,1578,,,
OY_IL4R_manglende_HL_060910Run02,B03,,1777,,
OY_IL4R_manglende_HL_060910Run02,B03,,,2210,
OY_IL4R_manglende_HL_060910Run02,B03,,,,2509
OY_IL4R_manglende_HL_060910Run02,B04,1579,,,
OY_IL4R_manglende_HL_060910Run02,B04,,1774,,
OY_IL4R_manglende_HL_060910Run02,B04,,,2202,
OY_IL4R_manglende_HL_060910Run02,B04,,,,2519
OY_IL4R_manglende_HL_060910Run02,B05,1582,,,
OY_IL4R_manglende_HL_060910Run02,B05,,1779,,
OY_IL4R_manglende_HL_060910Run02,B05,,,2202,
OY_IL4R_manglende_HL_060910Run02,B05,,,,2519
OY_IL4R_manglende_HL_060910Run02,B06,1572,,,
OY_IL4R_manglende_HL_060910Run02,B06,,1773,,
OY_IL4R_manglende_HL_060910Run02,B06,,,2199,
OY_IL4R_manglende_HL_060910Run02,B06,,,,2523
OY_IL4R_manglende_HL_060910Run02,B07,1581,,,
OY_IL4R_manglende_HL_060910Run02,B07,,1781,,
OY_IL4R_manglende_HL_060910Run02,B07,,,2197,
OY_IL4R_manglende_HL_060910Run02,B07,,,,2524
OY_IL4R_manglende_HL_060910Run02,B08,1578,,,
OY_IL4R_manglende_HL_060910Run02,B08,,1776,,
OY_IL4R_manglende_HL_060910Run02,B08,,,2203,
OY_IL4R_manglende_HL_060910Run02,B08,,,,2519
OY_IL4R_manglende_HL_060910Run02,B09,1576,,,
OY_IL4R_manglende_HL_060910Run02,B09,,1779,,
OY_IL4R_manglende_HL_060910Run02,B09,,,2202,
OY_IL4R_manglende_HL_060910Run02,B09,,,,2522
OY_IL4R_manglende_HL_060910Run02,B10,1576,,,
OY_IL4R_manglende_HL_060910Run02,B10,,1768,,
OY_IL4R_manglende_HL_060910Run02,B10,,,2202,
OY_IL4R_manglende_HL_060910Run02,B10,,,,2522
OY_IL4R_manglende_HL_060910Run02,B11,1573,,,
OY_IL4R_manglende_HL_060910Run02,B11,,1774,,
OY_IL4R_manglende_HL_060910Run02,B11,,,2200,
OY_IL4R_manglende_HL_060910Run02,B11,,,,2529
OY_IL4R_manglende_HL_060910Run02,B12,1578,,,
OY_IL4R_manglende_HL_060910Run02,B12,,1773,,
OY_IL4R_manglende_HL_060910Run02,B12,,,2197,
OY_IL4R_manglende_HL_060910Run02,B12,,,,2515
OY_IL4R_manglende_HL_060910Run02,C01,1578,,,
OY_IL4R_manglende_HL_060910Run02,C01,,1775,,
OY_IL4R_manglende_HL_060910Run02,C01,,,2200,
OY_IL4R_manglende_HL_060910Run02,C01,,,,2514
OY_IL4R_manglende_HL_060910Run02,C02,1582,,,
OY_IL4R_manglende_HL_060910Run02,C02,,1779,,
OY_IL4R_manglende_HL_060910Run02,C02,,,2201,
OY_IL4R_manglende_HL_060910Run02,C02,,,,2519
OY_IL4R_manglende_HL_060910Run02,C03,1583,,,
OY_IL4R_manglende_HL_060910Run02,C03,,1774,,
OY_IL4R_manglende_HL_060910Run02,C03,,,2200,
OY_IL4R_manglende_HL_060910Run02,C03,,,,2514
OY_IL4R_manglende_HL_060910Run02,C04,1576,,,
OY_IL4R_manglende_HL_060910Run02,C04,,1778,,
OY_IL4R_manglende_HL_060910Run02,C04,,,2203,
OY_IL4R_manglende_HL_060910Run02,C04,,,,2519
OY_IL4R_manglende_HL_060910Run02,C05,1576,,,
OY_IL4R_manglende_HL_060910Run02,C05,,1778,,
OY_IL4R_manglende_HL_060910Run02,C05,,,2203,
OY_IL4R_manglende_HL_060910Run02,C05,,,,2520
OY_IL4R_manglende_HL_060910Run02,C06,1576,,,
OY_IL4R_manglende_HL_060910Run02,C06,,1781,,
OY_IL4R_manglende_HL_060910Run02,C06,,,2196,
OY_IL4R_manglende_HL_060910Run02,C06,,,,2521
OY_IL4R_manglende_HL_060910Run02,C07,1578,,,
OY_IL4R_manglende_HL_060910Run02,C07,,1769,,
OY_IL4R_manglende_HL_060910Run02,C07,,,2199,
OY_IL4R_manglende_HL_060910Run02,C07,,,,2518
OY_IL4R_manglende_HL_060910Run02,C08,1579,,,
OY_IL4R_manglende_HL_060910Run02,C08,,1776,,
OY_IL4R_manglende_HL_060910Run02,C08,,,2197,
OY_IL4R_manglende_HL_060910Run02,C08,,,,2515
OY_IL4R_manglende_HL_060910Run02,C09,1576,,,
OY_IL4R_manglende_HL_060910Run02,C09,,1785,,
OY_IL4R_manglende_HL_060910Run02,C09,,,2202,
OY_IL4R_manglende_HL_060910Run02,C09,,,,2510
OY_IL4R_manglende_HL_060910Run02,C10,1580,,,
OY_IL4R_manglende_HL_060910Run02,C10,,1773,,
OY_IL4R_manglende_HL_060910Run02,C10,,,2202,
OY_IL4R_manglende_HL_060910Run02,C10,,,,2513
OY_IL4R_manglende_HL_060910Run02,C11,1579,,,
OY_IL4R_manglende_HL_060910Run02,C11,,1779,,
OY_IL4R_manglende_HL_060910Run02,C11,,,2202,
OY_IL4R_manglende_HL_060910Run02,C11,,,,2522
OY_IL4R_manglende_HL_060910Run02,C12,1579,,,
OY_IL4R_manglende_HL_060910Run02,C12,,1776,,
OY_IL4R_manglende_HL_060910Run02,C12,,,2203,
OY_IL4R_manglende_HL_060910Run02,C12,,,,2528
OY_IL4R_manglende_HL_060910Run02,D01,1578,,,
OY_IL4R_manglende_HL_060910Run02,D01,,1771,,
OY_IL4R_manglende_HL_060910Run02,D01,,,2201,
OY_IL4R_manglende_HL_060910Run02,D01,,,,2514
OY_IL4R_manglende_HL_060910Run02,D02,1577,,,
OY_IL4R_manglende_HL_060910Run02,D02,,1773,,
OY_IL4R_manglende_HL_060910Run02,D02,,,2202,
OY_IL4R_manglende_HL_060910Run02,D02,,,,2509
OY_IL4R_manglende_HL_060910Run02,D03,1581,,,
OY_IL4R_manglende_HL_060910Run02,D03,,1774,,
OY_IL4R_manglende_HL_060910Run02,D03,,,2200,
OY_IL4R_manglende_HL_060910Run02,D03,,,,2522
OY_IL4R_manglende_HL_060910Run02,D04,1576,,,
OY_IL4R_manglende_HL_060910Run02,D04,,1775,,
OY_IL4R_manglende_HL_060910Run02,D04,,,2201,
OY_IL4R_manglende_HL_060910Run02,D04,,,,2518
OY_IL4R_manglende_HL_060910Run02,D05,1575,,,
OY_IL4R_manglende_HL_060910Run02,D05,,1784,,
OY_IL4R_manglende_HL_060910Run02,D05,,,2200,
OY_IL4R_manglende_HL_060910Run02,D05,,,,2516
OY_IL4R_manglende_HL_060910Run02,D06,1574,,,
OY_IL4R_manglende_HL_060910Run02,D06,,1785,,
OY_IL4R_manglende_HL_060910Run02,D06,,,2199,
OY_IL4R_manglende_HL_060910Run02,D06,,,,2519
OY_IL4R_manglende_HL_060910Run02,D07,1569,,,
OY_IL4R_manglende_HL_060910Run02,D07,,1774,,
OY_IL4R_manglende_HL_060910Run02,D07,,,2198,
OY_IL4R_manglende_HL_060910Run02,D07,,,,2516
OY_IL4R_manglende_HL_060910Run02,D08,1578,,,
OY_IL4R_manglende_HL_060910Run02,D08,,1780,,
OY_IL4R_manglende_HL_060910Run02,D08,,,2196,
OY_IL4R_manglende_HL_060910Run02,D08,,,,2517
OY_IL4R_manglende_HL_060910Run02,D09,1572,,,
OY_IL4R_manglende_HL_060910Run02,D09,,1781,,
OY_IL4R_manglende_HL_060910Run02,D09,,,2200,
OY_IL4R_manglende_HL_060910Run02,D09,,,,2519
OY_IL4R_manglende_HL_060910Run02,D10,1576,,,
OY_IL4R_manglende_HL_060910Run02,D10,,1770,,
OY_IL4R_manglende_HL_060910Run02,D10,,,2200,
OY_IL4R_manglende_HL_060910Run02,D10,,,,2520
OY_IL4R_manglende_HL_060910Run02,D11,1576,,,
OY_IL4R_manglende_HL_060910Run02,D11,,1776,,
OY_IL4R_manglende_HL_060910Run02,D11,,,2204,
OY_IL4R_manglende_HL_060910Run02,D11,,,,2517
OY_IL4R_manglende_HL_060910Run02,D12,1576,,,
OY_IL4R_manglende_HL_060910Run02,D12,,1778,,
OY_IL4R_manglende_HL_060910Run02,D12,,,2201,
OY_IL4R_manglende_HL_060910Run02,D12,,,,2523
OY_IL4R_manglende_HL_060910Run02,E01,1580,,,
OY_IL4R_manglende_HL_060910Run02,E01,,1781,,
OY_IL4R_manglende_HL_060910Run02,E01,,,2203,
OY_IL4R_manglende_HL_060910Run02,E01,,,,2518
OY_IL4R_manglende_HL_060910Run02,E02,1574,,,
OY_IL4R_manglende_HL_060910Run02,E02,,1777,,
OY_IL4R_manglende_HL_060910Run02,E02,,,2200,
OY_IL4R_manglende_HL_060910Run02,E02,,,,2516
OY_IL4R_manglende_HL_060910Run02,E03,1580,,,
OY_IL4R_manglende_HL_060910Run02,E03,,1770,,
OY_IL4R_manglende_HL_060910Run02,E03,,,2200,
OY_IL4R_manglende_HL_060910Run02,E03,,,,2536
OY_IL4R_manglende_HL_060910Run02,E04,1576,,,
OY_IL4R_manglende_HL_060910Run02,E04,,1778,,
OY_IL4R_manglende_HL_060910Run02,E04,,,2202,
OY_IL4R_manglende_HL_060910Run02,E04,,,,2520
OY_IL4R_manglende_HL_060910Run02,E05,1579,,,
OY_IL4R_manglende_HL_060910Run02,E05,,1781,,
OY_IL4R_manglende_HL_060910Run02,E05,,,2200,
OY_IL4R_manglende_HL_060910Run02,E05,,,,2522
OY_IL4R_manglende_HL_060910Run02,E06,1575,,,
OY_IL4R_manglende_HL_060910Run02,E06,,1781,,
OY_IL4R_manglende_HL_060910Run02,E06,,,2200,
OY_IL4R_manglende_HL_060910Run02,E06,,,,2516
OY_IL4R_manglende_HL_060910Run02,E07,1569,,,
OY_IL4R_manglende_HL_060910Run02,E07,,1777,,
OY_IL4R_manglende_HL_060910Run02,E07,,,2201,
OY_IL4R_manglende_HL_060910Run02,E07,,,,2521
OY_IL4R_manglende_HL_060910Run02,E08,1582,,,
OY_IL4R_manglende_HL_060910Run02,E08,,1781,,
OY_IL4R_manglende_HL_060910Run02,E08,,,2203,
OY_IL4R_manglende_HL_060910Run02,E08,,,,2516
OY_IL4R_manglende_HL_060910Run02,E09,1576,,,
OY_IL4R_manglende_HL_060910Run02,E09,,1778,,
OY_IL4R_manglende_HL_060910Run02,E09,,,2199,
OY_IL4R_manglende_HL_060910Run02,E09,,,,2513
OY_IL4R_manglende_HL_060910Run02,E10,1575,,,
OY_IL4R_manglende_HL_060910Run02,E10,,1772,,
OY_IL4R_manglende_HL_060910Run02,E10,,,2203,
OY_IL4R_manglende_HL_060910Run02,E10,,,,2520
OY_IL4R_manglende_HL_060910Run02,E11,1579,,,
OY_IL4R_manglende_HL_060910Run02,E11,,1778,,
OY_IL4R_manglende_HL_060910Run02,E11,,,2199,
OY_IL4R_manglende_HL_060910Run02,E11,,,,2522
OY_IL4R_manglende_HL_060910Run02,E12,1580,,,
OY_IL4R_manglende_HL_060910Run02,E12,,1781,,
OY_IL4R_manglende_HL_060910Run02,E12,,,2202,
OY_IL4R_manglende_HL_060910Run02,E12,,,,2519
OY_IL4R_manglende_HL_060910Run02,F01,1578,,,
OY_IL4R_manglende_HL_060910Run02,F01,,1777,,
OY_IL4R_manglende_HL_060910Run02,F01,,,2202,
OY_IL4R_manglende_HL_060910Run02,F01,,,,2516
OY_IL4R_manglende_HL_060910Run02,F02,1580,,,
OY_IL4R_manglende_HL_060910Run02,F02,,1783,,
OY_IL4R_manglende_HL_060910Run02,F02,,,2202,
OY_IL4R_manglende_HL_060910Run02,F02,,,,2521
OY_IL4R_manglende_HL_060910Run02,F03,1579,,,
OY_IL4R_manglende_HL_060910Run02,F03,,1773,,
OY_IL4R_manglende_HL_060910Run02,F03,,,2200,
OY_IL4R_manglende_HL_060910Run02,F03,,,,2521
OY_IL4R_manglende_HL_060910Run02,F04,1581,,,
OY_IL4R_manglende_HL_060910Run02,F04,,1777,,
OY_IL4R_manglende_HL_060910Run02,F04,,,2201,
OY_IL4R_manglende_HL_060910Run02,F04,,,,2519
OY_IL4R_manglende_HL_060910Run02,F05,1576,,,
OY_IL4R_manglende_HL_060910Run02,F05,,1777,,
OY_IL4R_manglende_HL_060910Run02,F05,,,2199,
OY_IL4R_manglende_HL_060910Run02,F05,,,,2519
OY_IL4R_manglende_HL_060910Run02,F06,1577,,,
OY_IL4R_manglende_HL_060910Run02,F06,,1775,,
OY_IL4R_manglende_HL_060910Run02,F06,,,2200,
OY_IL4R_manglende_HL_060910Run02,F06,,,,2517
OY_IL4R_manglende_HL_060910Run02,F07,1575,,,
OY_IL4R_manglende_HL_060910Run02,F07,,1779,,
OY_IL4R_manglende_HL_060910Run02,F07,,,2197,
OY_IL4R_manglende_HL_060910Run02,F07,,,,2519
OY_IL4R_manglende_HL_060910Run02,F08,1586,,,
OY_IL4R_manglende_HL_060910Run02,F08,,1781,,
OY_IL4R_manglende_HL_060910Run02,F08,,,2199,
OY_IL4R_manglende_HL_060910Run02,F08,,,,2516
OY_IL4R_manglende_HL_060910Run02,F09,1580,,,
OY_IL4R_manglende_HL_060910Run02,F09,,1777,,
OY_IL4R_manglende_HL_060910Run02,F09,,,2200,
OY_IL4R_manglende_HL_060910Run02,F09,,,,2518
OY_IL4R_manglende_HL_060910Run02,F10,1578,,,
OY_IL4R_manglende_HL_060910Run02,F10,,1778,,
OY_IL4R_manglende_HL_060910Run02,F10,,,2199,
OY_IL4R_manglende_HL_060910Run02,F10,,,,2518
OY_IL4R_manglende_HL_060910Run02,F11,1579,,,
OY_IL4R_manglende_HL_060910Run02,F11,,1779,,
OY_IL4R_manglende_HL_060910Run02,F11,,,2198,
OY_IL4R_manglende_HL_060910Run02,F11,,,,2520
OY_IL4R_manglende_HL_060910Run02,F12,1579,,,
OY_IL4R_manglende_HL_060910Run02,F12,,1780,,
OY_IL4R_manglende_HL_060910Run02,F12,,,2199,
OY_IL4R_manglende_HL_060910Run02,F12,,,,2520
OY_IL4R_manglende_HL_060910Run02,G01,1579,,,
OY_IL4R_manglende_HL_060910Run02,G01,,1777,,
OY_IL4R_manglende_HL_060910Run02,G01,,,2202,
OY_IL4R_manglende_HL_060910Run02,G01,,,,2525
OY_IL4R_manglende_HL_060910Run02,G02,1574,,,
OY_IL4R_manglende_HL_060910Run02,G02,,1779,,
OY_IL4R_manglende_HL_060910Run02,G02,,,2206,
OY_IL4R_manglende_HL_060910Run02,G02,,,,2521
OY_IL4R_manglende_HL_060910Run02,G03,1579,,,
OY_IL4R_manglende_HL_060910Run02,G03,,1773,,
OY_IL4R_manglende_HL_060910Run02,G03,,,2200,
OY_IL4R_manglende_HL_060910Run02,G03,,,,2520
OY_IL4R_manglende_HL_060910Run02,G04,1581,,,
OY_IL4R_manglende_HL_060910Run02,G04,,1778,,
OY_IL4R_manglende_HL_060910Run02,G04,,,2199,
OY_IL4R_manglende_HL_060910Run02,G04,,,,2521
OY_IL4R_manglende_HL_060910Run02,G05,1579,,,
OY_IL4R_manglende_HL_060910Run02,G05,,1782,,
OY_IL4R_manglende_HL_060910Run02,G05,,,2201,
OY_IL4R_manglende_HL_060910Run02,G05,,,,2519
OY_IL4R_manglende_HL_060910Run02,G06,1580,,,
OY_IL4R_manglende_HL_060910Run02,G06,,1778,,
OY_IL4R_manglende_HL_060910Run02,G06,,,2205,
OY_IL4R_manglende_HL_060910Run02,G06,,,,2520
OY_IL4R_manglende_HL_060910Run02,G07,1581,,,
OY_IL4R_manglende_HL_060910Run02,G07,,1778,,
OY_IL4R_manglende_HL_060910Run02,G07,,,2199,
OY_IL4R_manglende_HL_060910Run02,G07,,,,2518
OY_IL4R_manglende_HL_060910Run02,G08,1571,,,
OY_IL4R_manglende_HL_060910Run02,G08,,1771,,
OY_IL4R_manglende_HL_060910Run02,G08,,,2198,
OY_IL4R_manglende_HL_060910Run02,G08,,,,2518
OY_IL4R_manglende_HL_060910Run02,G09,1582,,,
OY_IL4R_manglende_HL_060910Run02,G09,,1779,,
OY_IL4R_manglende_HL_060910Run02,G09,,,2202,
OY_IL4R_manglende_HL_060910Run02,G09,,,,2512
OY_IL4R_manglende_HL_060910Run02,G10,1577,,,
OY_IL4R_manglende_HL_060910Run02,G10,,1778,,
OY_IL4R_manglende_HL_060910Run02,G10,,,2202,
OY_IL4R_manglende_HL_060910Run02,G10,,,,2516
OY_IL4R_manglende_HL_060910Run02,G11,1579,,,
OY_IL4R_manglende_HL_060910Run02,G11,,1776,,
OY_IL4R_manglende_HL_060910Run02,G11,,,2199,
OY_IL4R_manglende_HL_060910Run02,G11,,,,2517
OY_IL4R_manglende_HL_060910Run02,G12,1578,,,
OY_IL4R_manglende_HL_060910Run02,G12,,1779,,
OY_IL4R_manglende_HL_060910Run02,G12,,,2200,
OY_IL4R_manglende_HL_060910Run02,G12,,,,2522
OY_IL4R_manglende_HL_060910Run02,H01,1579,,,
OY_IL4R_manglende_HL_060910Run02,H01,,1777,,
OY_IL4R_manglende_HL_060910Run02,H01,,,2201,
OY_IL4R_manglende_HL_060910Run02,H01,,,,2520
OY_IL4R_manglende_HL_060910Run02,H02,1575,,,
OY_IL4R_manglende_HL_060910Run02,H02,,1781,,
OY_IL4R_manglende_HL_060910Run02,H02,,,2202,
OY_IL4R_manglende_HL_060910Run02,H02,,,,2514
OY_IL4R_manglende_HL_060910Run02,H03,1584,,,
OY_IL4R_manglende_HL_060910Run02,H03,,1778,,
OY_IL4R_manglende_HL_060910Run02,H03,,,2203,
OY_IL4R_manglende_HL_060910Run02,H03,,,,2516
OY_IL4R_manglende_HL_060910Run02,H04,1580,,,
OY_IL4R_manglende_HL_060910Run02,H04,,1779,,
OY_IL4R_manglende_HL_060910Run02,H04,,,2203,
OY_IL4R_manglende_HL_060910Run02,H04,,,,2516
OY_IL4R_manglende_HL_060910Run02,H05,1573,,,
OY_IL4R_manglende_HL_060910Run02,H05,,1781,,
OY_IL4R_manglende_HL_060910Run02,H05,,,2201,
OY_IL4R_manglende_HL_060910Run02,H05,,,,2520
OY_IL4R_manglende_HL_060910Run02,H06,,,,
OY_IL4R_manglende_HL_060910Run02,H06,,,,
OY_IL4R_manglende_HL_060910Run02,H06,,,,
OY_IL4R_manglende_HL_060910Run02,H06,,,,
OY_IL4R_manglende_HL_060910Run02,H07,1577,,,
OY_IL4R_manglende_HL_060910Run02,H07,,1782,,
OY_IL4R_manglende_HL_060910Run02,H07,,,2203,
OY_IL4R_manglende_HL_060910Run02,H07,,,,2518
OY_IL4R_manglende_HL_060910Run02,H08,1579,,,
OY_IL4R_manglende_HL_060910Run02,H08,,1781,,
OY_IL4R_manglende_HL_060910Run02,H08,,,2202,
OY_IL4R_manglende_HL_060910Run02,H08,,,,2521
OY_IL4R_manglende_HL_060910Run02,H09,1578,,,
OY_IL4R_manglende_HL_060910Run02,H09,,1778,,
OY_IL4R_manglende_HL_060910Run02,H09,,,2198,
OY_IL4R_manglende_HL_060910Run02,H09,,,,2509
OY_IL4R_manglende_HL_060910Run02,H10,1576,,,
OY_IL4R_manglende_HL_060910Run02,H10,,1779,,
OY_IL4R_manglende_HL_060910Run02,H10,,,2201,
OY_IL4R_manglende_HL_060910Run02,H10,,,,2518
OY_IL4R_manglende_HL_060910Run02,H11,1579,,,
OY_IL4R_manglende_HL_060910Run02,H11,,1779,,
OY_IL4R_manglende_HL_060910Run02,H11,,,2199,
OY_IL4R_manglende_HL_060910Run02,H11,,,,2519
OY_IL4R_manglende_HL_060910Run02,H12,1579,,,
OY_IL4R_manglende_HL_060910Run02,H12,,1775,,
OY_IL4R_manglende_HL_060910Run02,H12,,,2203,
OY_IL4R_manglende_HL_060910Run02,H12,,,,2518
OY_IL4_manglende_HL_030910Run01,A01,1884,,,
OY_IL4_manglende_HL_030910Run01,A01,,2214,,
OY_IL4_manglende_HL_030910Run01,A01,,,2672,
OY_IL4_manglende_HL_030910Run01,A01,,,,2995
OY_IL4_manglende_HL_030910Run01,A02,1875,,,
OY_IL4_manglende_HL_030910Run01,A02,,2218,,
OY_IL4_manglende_HL_030910Run01,A02,,,2665,
OY_IL4_manglende_HL_030910Run01,A02,,,,2985
OY_IL4_manglende_HL_030910Run01,A03,1895,,,
OY_IL4_manglende_HL_030910Run01,A03,,2214,,
OY_IL4_manglende_HL_030910Run01,A03,,,2663,
OY_IL4_manglende_HL_030910Run01,A03,,,,3001
OY_IL4_manglende_HL_030910Run01,A04,1877,,,
OY_IL4_manglende_HL_030910Run01,A04,,2215,,
OY_IL4_manglende_HL_030910Run01,A04,,,2673,
OY_IL4_manglende_HL_030910Run01,A04,,,,3000
OY_IL4_manglende_HL_030910Run01,A05,1882,,,
OY_IL4_manglende_HL_030910Run01,A05,,2213,,
OY_IL4_manglende_HL_030910Run01,A05,,,2669,
OY_IL4_manglende_HL_030910Run01,A05,,,,2994
OY_IL4_manglende_HL_030910Run01,A06,1881,,,
OY_IL4_manglende_HL_030910Run01,A06,,2211,,
OY_IL4_manglende_HL_030910Run01,A06,,,2667,
OY_IL4_manglende_HL_030910Run01,A06,,,,2990
OY_IL4_manglende_HL_030910Run01,A07,1882,,,
OY_IL4_manglende_HL_030910Run01,A07,,2212,,
OY_IL4_manglende_HL_030910Run01,A07,,,2671,
OY_IL4_manglende_HL_030910Run01,A07,,,,2987
OY_IL4_manglende_HL_030910Run01,A08,1885,,,
OY_IL4_manglende_HL_030910Run01,A08,,2209,,
OY_IL4_manglende_HL_030910Run01,A08,,,2671,
OY_IL4_manglende_HL_030910Run01,A08,,,,2992
OY_IL4_manglende_HL_030910Run01,A09,1878,,,
OY_IL4_manglende_HL_030910Run01,A09,,2223,,
OY_IL4_manglende_HL_030910Run01,A09,,,2668,
OY_IL4_manglende_HL_030910Run01,A09,,,,2994
OY_IL4_manglende_HL_030910Run01,A10,1882,,,
OY_IL4_manglende_HL_030910Run01,A10,,2212,,
OY_IL4_manglende_HL_030910Run01,A10,,,2673,
OY_IL4_manglende_HL_030910Run01,A10,,,,2994
OY_IL4_manglende_HL_030910Run01,A11,1885,,,
OY_IL4_manglende_HL_030910Run01,A11,,2212,,
OY_IL4_manglende_HL_030910Run01,A11,,,2670,
OY_IL4_manglende_HL_030910Run01,A11,,,,2982
OY_IL4_manglende_HL_030910Run01,A12,1882,,,
OY_IL4_manglende_HL_030910Run01,A12,,2214,,
OY_IL4_manglende_HL_030910Run01,A12,,,2668,
OY_IL4_manglende_HL_030910Run01,A12,,,,2993
OY_IL4_manglende_HL_030910Run01,B01,1883,,,
OY_IL4_manglende_HL_030910Run01,B01,,2216,,
OY_IL4_manglende_HL_030910Run01,B01,,,2671,
OY_IL4_manglende_HL_030910Run01,B01,,,,2993
OY_IL4_manglende_HL_030910Run01,B02,1885,,,
OY_IL4_manglende_HL_030910Run01,B02,,2212,,
OY_IL4_manglende_HL_030910Run01,B02,,,2669,
OY_IL4_manglende_HL_030910Run01,B02,,,,2993
OY_IL4_manglende_HL_030910Run01,B03,1881,,,
OY_IL4_manglende_HL_030910Run01,B03,,2211,,
OY_IL4_manglende_HL_030910Run01,B03,,,2669,
OY_IL4_manglende_HL_030910Run01,B03,,,,2995
OY_IL4_manglende_HL_030910Run01,B04,1877,,,
OY_IL4_manglende_HL_030910Run01,B04,,2215,,
OY_IL4_manglende_HL_030910Run01,B04,,,2669,
OY_IL4_manglende_HL_030910Run01,B04,,,,3000
OY_IL4_manglende_HL_030910Run01,B05,1882,,,
OY_IL4_manglende_HL_030910Run01,B05,,2214,,
OY_IL4_manglende_HL_030910Run01,B05,,,2670,
OY_IL4_manglende_HL_030910Run01,B05,,,,3006
OY_IL4_manglende_HL_030910Run01,B06,1881,,,
OY_IL4_manglende_HL_030910Run01,B06,,2213,,
OY_IL4_manglende_HL_030910Run01,B06,,,2669,
OY_IL4_manglende_HL_030910Run01,B06,,,,2995
OY_IL4_manglende_HL_030910Run01,B07,1890,,,
OY_IL4_manglende_HL_030910Run01,B07,,2222,,
OY_IL4_manglende_HL_030910Run01,B07,,,2669,
OY_IL4_manglende_HL_030910Run01,B07,,,,3002
OY_IL4_manglende_HL_030910Run01,B08,1882,,,
OY_IL4_manglende_HL_030910Run01,B08,,2212,,
OY_IL4_manglende_HL_030910Run01,B08,,,2671,
OY_IL4_manglende_HL_030910Run01,B08,,,,2999
OY_IL4_manglende_HL_030910Run01,B09,1882,,,
OY_IL4_manglende_HL_030910Run01,B09,,2216,,
OY_IL4_manglende_HL_030910Run01,B09,,,2668,
OY_IL4_manglende_HL_030910Run01,B09,,,,2994
OY_IL4_manglende_HL_030910Run01,B10,1882,,,
OY_IL4_manglende_HL_030910Run01,B10,,2214,,
OY_IL4_manglende_HL_030910Run01,B10,,,2676,
OY_IL4_manglende_HL_030910Run01,B10,,,,2997
OY_IL4_manglende_HL_030910Run01,B11,1877,,,
OY_IL4_manglende_HL_030910Run01,B11,,2216,,
OY_IL4_manglende_HL_030910Run01,B11,,,2669,
OY_IL4_manglende_HL_030910Run01,B11,,,,2982
OY_IL4_manglende_HL_030910Run01,B12,1883,,,
OY_IL4_manglende_HL_030910Run01,B12,,2216,,
OY_IL4_manglende_HL_030910Run01,B12,,,2669,
OY_IL4_manglende_HL_030910Run01,B12,,,,2994
OY_IL4_manglende_HL_030910Run01,C01,1889,,,
OY_IL4_manglende_HL_030910Run01,C01,,2216,,
OY_IL4_manglende_HL_030910Run01,C01,,,2672,
OY_IL4_manglende_HL_030910Run01,C01,,,,2988
OY_IL4_manglende_HL_030910Run01,C02,1890,,,
OY_IL4_manglende_HL_030910Run01,C02,,2221,,
OY_IL4_manglende_HL_030910Run01,C02,,,2672,
OY_IL4_manglende_HL_030910Run01,C02,,,,2992
OY_IL4_manglende_HL_030910Run01,C03,1878,,,
OY_IL4_manglende_HL_030910Run01,C03,,2212,,
OY_IL4_manglende_HL_030910Run01,C03,,,2671,
OY_IL4_manglende_HL_030910Run01,C03,,,,2989
OY_IL4_manglende_HL_030910Run01,C04,1881,,,
OY_IL4_manglende_HL_030910Run01,C04,,2215,,
OY_IL4_manglende_HL_030910Run01,C04,,,2674,
OY_IL4_manglende_HL_030910Run01,C04,,,,3004
OY_IL4_manglende_HL_030910Run01,C05,1886,,,
OY_IL4_manglende_HL_030910Run01,C05,,2217,,
OY_IL4_manglende_HL_030910Run01,C05,,,2673,
OY_IL4_manglende_HL_030910Run01,C05,,,,2992
OY_IL4_manglende_HL_030910Run01,C06,1884,,,
OY_IL4_manglende_HL_030910Run01,C06,,2213,,
OY_IL4_manglende_HL_030910Run01,C06,,,2670,
OY_IL4_manglende_HL_030910Run01,C06,,,,3011
OY_IL4_manglende_HL_030910Run01,C07,1883,,,
OY_IL4_manglende_HL_030910Run01,C07,,2213,,
OY_IL4_manglende_HL_030910Run01,C07,,,2672,
OY_IL4_manglende_HL_030910Run01,C07,,,,2982
OY_IL4_manglende_HL_030910Run01,C08,1880,,,
OY_IL4_manglende_HL_030910Run01,C08,,2219,,
OY_IL4_manglende_HL_030910Run01,C08,,,2669,
OY_IL4_manglende_HL_030910Run01,C08,,,,2990
OY_IL4_manglende_HL_030910Run01,C09,1883,,,
OY_IL4_manglende_HL_030910Run01,C09,,2211,,
OY_IL4_manglende_HL_030910Run01,C09,,,2675,
OY_IL4_manglende_HL_030910Run01,C09,,,,2993
OY_IL4_manglende_HL_030910Run01,C10,1877,,,
OY_IL4_manglende_HL_030910Run01,C10,,2211,,
OY_IL4_manglende_HL_030910Run01,C10,,,2668,
OY_IL4_manglende_HL_030910Run01,C10,,,,2991
OY_IL4_manglende_HL_030910Run01,C11,1883,,,
OY_IL4_manglende_HL_030910Run01,C11,,2208,,
OY_IL4_manglende_HL_030910Run01,C11,,,2668,
OY_IL4_manglende_HL_030910Run01,C11,,,,2991
OY_IL4_manglende_HL_030910Run01,C12,1883,,,
OY_IL4_manglende_HL_030910Run01,C12,,2212,,
OY_IL4_manglende_HL_030910Run01,C12,,,2669,
OY_IL4_manglende_HL_030910Run01,C12,,,,2991
OY_IL4_manglende_HL_030910Run01,D01,1885,,,
OY_IL4_manglende_HL_030910Run01,D01,,2217,,
OY_IL4_manglende_HL_030910Run01,D01,,,2671,
OY_IL4_manglende_HL_030910Run01,D01,,,,3003
OY_IL4_manglende_HL_030910Run01,D02,1882,,,
OY_IL4_manglende_HL_030910Run01,D02,,2212,,
OY_IL4_manglende_HL_030910Run01,D02,,,2669,
OY_IL4_manglende_HL_030910Run01,D02,,,,2995
OY_IL4_manglende_HL_030910Run01,D03,1885,,,
OY_IL4_manglende_HL_030910Run01,D03,,2207,,
OY_IL4_manglende_HL_030910Run01,D03,,,2675,
OY_IL4_manglende_HL_030910Run01,D03,,,,2993
OY_IL4_manglende_HL_030910Run01,D04,1885,,,
OY_IL4_manglende_HL_030910Run01,D04,,2213,,
OY_IL4_manglende_HL_030910Run01,D04,,,2669,
OY_IL4_manglende_HL_030910Run01,D04,,,,2993
OY_IL4_manglende_HL_030910Run01,D05,1879,,,
OY_IL4_manglende_HL_030910Run01,D05,,2216,,
OY_IL4_manglende_HL_030910Run01,D05,,,2667,
OY_IL4_manglende_HL_030910Run01,D05,,,,2995
OY_IL4_manglende_HL_030910Run01,D06,1882,,,
OY_IL4_manglende_HL_030910Run01,D06,,2215,,
OY_IL4_manglende_HL_030910Run01,D06,,,2670,
OY_IL4_manglende_HL_030910Run01,D06,,,,2994
OY_IL4_manglende_HL_030910Run01,D07,1888,,,
OY_IL4_manglende_HL_030910Run01,D07,,2213,,
OY_IL4_manglende_HL_030910Run01,D07,,,2670,
OY_IL4_manglende_HL_030910Run01,D07,,,,2992
OY_IL4_manglende_HL_030910Run01,D08,1881,,,
OY_IL4_manglende_HL_030910Run01,D08,,2217,,
OY_IL4_manglende_HL_030910Run01,D08,,,2670,
OY_IL4_manglende_HL_030910Run01,D08,,,,2994
OY_IL4_manglende_HL_030910Run01,D09,1876,,,
OY_IL4_manglende_HL_030910Run01,D09,,2209,,
OY_IL4_manglende_HL_030910Run01,D09,,,2672,
OY_IL4_manglende_HL_030910Run01,D09,,,,2991
OY_IL4_manglende_HL_030910Run01,D10,1885,,,
OY_IL4_manglende_HL_030910Run01,D10,,2212,,
OY_IL4_manglende_HL_030910Run01,D10,,,2661,
OY_IL4_manglende_HL_030910Run01,D10,,,,2991
OY_IL4_manglende_HL_030910Run01,D11,1883,,,
OY_IL4_manglende_HL_030910Run01,D11,,2213,,
OY_IL4_manglende_HL_030910Run01,D11,,,2668,
OY_IL4_manglende_HL_030910Run01,D11,,,,2995
OY_IL4_manglende_HL_030910Run01,D12,1880,,,
OY_IL4_manglende_HL_030910Run01,D12,,2212,,
OY_IL4_manglende_HL_030910Run01,D12,,,2670,
OY_IL4_manglende_HL_030910Run01,D12,,,,2989
OY_IL4_manglende_HL_030910Run01,E01,1882,,,
OY_IL4_manglende_HL_030910Run01,E01,,2215,,
OY_IL4_manglende_HL_030910Run01,E01,,,2671,
OY_IL4_manglende_HL_030910Run01,E01,,,,2992
OY_IL4_manglende_HL_030910Run01,E02,1885,,,
OY_IL4_manglende_HL_030910Run01,E02,,2213,,
OY_IL4_manglende_HL_030910Run01,E02,,,2669,
OY_IL4_manglende_HL_030910Run01,E02,,,,2993
OY_IL4_manglende_HL_030910Run01,E03,1877,,,
OY_IL4_manglende_HL_030910Run01,E03,,2214,,
OY_IL4_manglende_HL_030910Run01,E03,,,2675,
OY_IL4_manglende_HL_030910Run01,E03,,,,2989
OY_IL4_manglende_HL_030910Run01,E04,1880,,,
OY_IL4_manglende_HL_030910Run01,E04,,2216,,
OY_IL4_manglende_HL_030910Run01,E04,,,2672,
OY_IL4_manglende_HL_030910Run01,E04,,,,2993
OY_IL4_manglende_HL_030910Run01,E05,1882,,,
OY_IL4_manglende_HL_030910Run01,E05,,2215,,
OY_IL4_manglende_HL_030910Run01,E05,,,2672,
OY_IL4_manglende_HL_030910Run01,E05,,,,2993
OY_IL4_manglende_HL_030910Run01,E06,1877,,,
OY_IL4_manglende_HL_030910Run01,E06,,2213,,
OY_IL4_manglende_HL_030910Run01,E06,,,2671,
OY_IL4_manglende_HL_030910Run01,E06,,,,2992
OY_IL4_manglende_HL_030910Run01,E07,1891,,,
OY_IL4_manglende_HL_030910Run01,E07,,2218,,
OY_IL4_manglende_HL_030910Run01,E07,,,2674,
OY_IL4_manglende_HL_030910Run01,E07,,,,3000
OY_IL4_manglende_HL_030910Run01,E08,1882,,,
OY_IL4_manglende_HL_030910Run01,E08,,2214,,
OY_IL4_manglende_HL_030910Run01,E08,,,2679,
OY_IL4_manglende_HL_030910Run01,E08,,,,2992
OY_IL4_manglende_HL_030910Run01,E09,1891,,,
OY_IL4_manglende_HL_030910Run01,E09,,2215,,
OY_IL4_manglende_HL_030910Run01,E09,,,2673,
OY_IL4_manglende_HL_030910Run01,E09,,,,2996
OY_IL4_manglende_HL_030910Run01,E10,1882,,,
OY_IL4_manglende_HL_030910Run01,E10,,2212,,
OY_IL4_manglende_HL_030910Run01,E10,,,2670,
OY_IL4_manglende_HL_030910Run01,E10,,,,2993
OY_IL4_manglende_HL_030910Run01,E11,1881,,,
OY_IL4_manglende_HL_030910Run01,E11,,2215,,
OY_IL4_manglende_HL_030910Run01,E11,,,2669,
OY_IL4_manglende_HL_030910Run01,E11,,,,2995
OY_IL4_manglende_HL_030910Run01,E12,1886,,,
OY_IL4_manglende_HL_030910Run01,E12,,2216,,
OY_IL4_manglende_HL_030910Run01,E12,,,2668,
OY_IL4_manglende_HL_030910Run01,E12,,,,2995
OY_IL4_manglende_HL_030910Run01,F01,1884,,,
OY_IL4_manglende_HL_030910Run01,F01,,2215,,
OY_IL4_manglende_HL_030910Run01,F01,,,2670,
OY_IL4_manglende_HL_030910Run01,F01,,,,2995
OY_IL4_manglende_HL_030910Run01,F02,1893,,,
OY_IL4_manglende_HL_030910Run01,F02,,2215,,
OY_IL4_manglende_HL_030910Run01,F02,,,2674,
OY_IL4_manglende_HL_030910Run01,F02,,,,2992
OY_IL4_manglende_HL_030910Run01,F03,1883,,,
OY_IL4_manglende_HL_030910Run01,F03,,2216,,
OY_IL4_manglende_HL_030910Run01,F03,,,2673,
OY_IL4_manglende_HL_030910Run01,F03,,,,2996
OY_IL4_manglende_HL_030910Run01,F04,1886,,,
OY_IL4_manglende_HL_030910Run01,F04,,2214,,
OY_IL4_manglende_HL_030910Run01,F04,,,2671,
OY_IL4_manglende_HL_030910Run01,F04,,,,2995
OY_IL4_manglende_HL_030910Run01,F05,1881,,,
OY_IL4_manglende_HL_030910Run01,F05,,2214,,
OY_IL4_manglende_HL_030910Run01,F05,,,2673,
OY_IL4_manglende_HL_030910Run01,F05,,,,3003
OY_IL4_manglende_HL_030910Run01,F06,1881,,,
OY_IL4_manglende_HL_030910Run01,F06,,2215,,
OY_IL4_manglende_HL_030910Run01,F06,,,2673,
OY_IL4_manglende_HL_030910Run01,F06,,,,2984
OY_IL4_manglende_HL_030910Run01,F07,1882,,,
OY_IL4_manglende_HL_030910Run01,F07,,2212,,
OY_IL4_manglende_HL_030910Run01,F07,,,2672,
OY_IL4_manglende_HL_030910Run01,F07,,,,2993
OY_IL4_manglende_HL_030910Run01,F08,1882,,,
OY_IL4_manglende_HL_030910Run01,F08,,2215,,
OY_IL4_manglende_HL_030910Run01,F08,,,2670,
OY_IL4_manglende_HL_030910Run01,F08,,,,2994
OY_IL4_manglende_HL_030910Run01,F09,1882,,,
OY_IL4_manglende_HL_030910Run01,F09,,2214,,
OY_IL4_manglende_HL_030910Run01,F09,,,2672,
OY_IL4_manglende_HL_030910Run01,F09,,,,2992
OY_IL4_manglende_HL_030910Run01,F10,1882,,,
OY_IL4_manglende_HL_030910Run01,F10,,2215,,
OY_IL4_manglende_HL_030910Run01,F10,,,2669,
OY_IL4_manglende_HL_030910Run01,F10,,,,2997
OY_IL4_manglende_HL_030910Run01,F11,1883,,,
OY_IL4_manglende_HL_030910Run01,F11,,2214,,
OY_IL4_manglende_HL_030910Run01,F11,,,2672,
OY_IL4_manglende_HL_030910Run01,F11,,,,2995
OY_IL4_manglende_HL_030910Run01,F12,1881,,,
OY_IL4_manglende_HL_030910Run01,F12,,2212,,
OY_IL4_manglende_HL_030910Run01,F12,,,2673,
OY_IL4_manglende_HL_030910Run01,F12,,,,2995
OY_IL4_manglende_HL_030910Run01,G01,1884,,,
OY_IL4_manglende_HL_030910Run01,G01,,2214,,
OY_IL4_manglende_HL_030910Run01,G01,,,2671,
OY_IL4_manglende_HL_030910Run01,G01,,,,2993
OY_IL4_manglende_HL_030910Run01,G02,1884,,,
OY_IL4_manglende_HL_030910Run01,G02,,2217,,
OY_IL4_manglende_HL_030910Run01,G02,,,2670,
OY_IL4_manglende_HL_030910Run01,G02,,,,2996
OY_IL4_manglende_HL_030910Run01,G03,1884,,,
OY_IL4_manglende_HL_030910Run01,G03,,2213,,
OY_IL4_manglende_HL_030910Run01,G03,,,2671,
OY_IL4_manglende_HL_030910Run01,G03,,,,2993
OY_IL4_manglende_HL_030910Run01,G04,1884,,,
OY_IL4_manglende_HL_030910Run01,G04,,2212,,
OY_IL4_manglende_HL_030910Run01,G04,,,2670,
OY_IL4_manglende_HL_030910Run01,G04,,,,2994
OY_IL4_manglende_HL_030910Run01,G05,1890,,,
OY_IL4_manglende_HL_030910Run01,G05,,2204,,
OY_IL4_manglende_HL_030910Run01,G05,,,2672,
OY_IL4_manglende_HL_030910Run01,G05,,,,2995
OY_IL4_manglende_HL_030910Run01,G06,1882,,,
OY_IL4_manglende_HL_030910Run01,G06,,2212,,
OY_IL4_manglende_HL_030910Run01,G06,,,2669,
OY_IL4_manglende_HL_030910Run01,G06,,,,2992
OY_IL4_manglende_HL_030910Run01,G07,1882,,,
OY_IL4_manglende_HL_030910Run01,G07,,2214,,
OY_IL4_manglende_HL_030910Run01,G07,,,2668,
OY_IL4_manglende_HL_030910Run01,G07,,,,2982
OY_IL4_manglende_HL_030910Run01,G08,1883,,,
OY_IL4_manglende_HL_030910Run01,G08,,2211,,
OY_IL4_manglende_HL_030910Run01,G08,,,2669,
OY_IL4_manglende_HL_030910Run01,G08,,,,2996
OY_IL4_manglende_HL_030910Run01,G09,1882,,,
OY_IL4_manglende_HL_030910Run01,G09,,2211,,
OY_IL4_manglende_HL_030910Run01,G09,,,2668,
OY_IL4_manglende_HL_030910Run01,G09,,,,2993
OY_IL4_manglende_HL_030910Run01,G10,1882,,,
OY_IL4_manglende_HL_030910Run01,G10,,2212,,
OY_IL4_manglende_HL_030910Run01,G10,,,2671,
OY_IL4_manglende_HL_030910Run01,G10,,,,2995
OY_IL4_manglende_HL_030910Run01,G11,1884,,,
OY_IL4_manglende_HL_030910Run01,G11,,2214,,
OY_IL4_manglende_HL_030910Run01,G11,,,2671,
OY_IL4_manglende_HL_030910Run01,G11,,,,2996
OY_IL4_manglende_HL_030910Run01,G12,1881,,,
OY_IL4_manglende_HL_030910Run01,G12,,2215,,
OY_IL4_manglende_HL_030910Run01,G12,,,2670,
OY_IL4_manglende_HL_030910Run01,G12,,,,2994
OY_IL4_manglende_HL_030910Run01,H01,1882,,,
OY_IL4_manglende_HL_030910Run01,H01,,2212,,
OY_IL4_manglende_HL_030910Run01,H01,,,2673,
OY_IL4_manglende_HL_030910Run01,H01,,,,2988
OY_IL4_manglende_HL_030910Run01,H02,1883,,,
OY_IL4_manglende_HL_030910Run01,H02,,2216,,
OY_IL4_manglende_HL_030910Run01,H02,,,2672,
OY_IL4_manglende_HL_030910Run01,H02,,,,2995
OY_IL4_manglende_HL_030910Run01,H03,1880,,,
OY_IL4_manglende_HL_030910Run01,H03,,2216,,
OY_IL4_manglende_HL_030910Run01,H03,,,2673,
OY_IL4_manglende_HL_030910Run01,H03,,,,2992
OY_IL4_manglende_HL_030910Run01,H04,1883,,,
OY_IL4_manglende_HL_030910Run01,H04,,2213,,
OY_IL4_manglende_HL_030910Run01,H04,,,2674,
OY_IL4_manglende_HL_030910Run01,H04,,,,2995
OY_IL4_manglende_HL_030910Run01,H05,1883,,,
OY_IL4_manglende_HL_030910Run01,H05,,2215,,
OY_IL4_manglende_HL_030910Run01,H05,,,2670,
OY_IL4_manglende_HL_030910Run01,H05,,,,2987
OY_IL4_manglende_HL_030910Run01,H06,1886,,,
OY_IL4_manglende_HL_030910Run01,H06,,2215,,
OY_IL4_manglende_HL_030910Run01,H06,,,2672,
OY_IL4_manglende_HL_030910Run01,H06,,,,2994
OY_IL4_manglende_HL_030910Run01,H07,1882,,,
OY_IL4_manglende_HL_030910Run01,H07,,2212,,
OY_IL4_manglende_HL_030910Run01,H07,,,2668,
OY_IL4_manglende_HL_030910Run01,H07,,,,2993
OY_IL4_manglende_HL_030910Run01,H08,1882,,,
OY_IL4_manglende_HL_030910Run01,H08,,2216,,
OY_IL4_manglende_HL_030910Run01,H08,,,2669,
OY_IL4_manglende_HL_030910Run01,H08,,,,2987
OY_IL4_manglende_HL_030910Run01,H09,1882,,,
OY_IL4_manglende_HL_030910Run01,H09,,2216,,
OY_IL4_manglende_HL_030910Run01,H09,,,2672,
OY_IL4_manglende_HL_030910Run01,H09,,,,2994
OY_IL4_manglende_HL_030910Run01,H10,1878,,,
OY_IL4_manglende_HL_030910Run01,H10,,2217,,
OY_IL4_manglende_HL_030910Run01,H10,,,2672,
OY_IL4_manglende_HL_030910Run01,H10,,,,2993
OY_IL4_manglende_HL_030910Run01,H11,1884,,,
OY_IL4_manglende_HL_030910Run01,H11,,2214,,
OY_IL4_manglende_HL_030910Run01,H11,,,2669,
OY_IL4_manglende_HL_030910Run01,H11,,,,2993
OY_IL4_manglende_HL_030910Run01,H12,1883,,,
OY_IL4_manglende_HL_030910Run01,H12,,2214,,
OY_IL4_manglende_HL_030910Run01,H12,,,2672,
OY_IL4_manglende_HL_030910Run01,H12,,,,2993
OY_IL4_manglende_HL_pl2_020910Run01,A01,1643,,,
OY_IL4_manglende_HL_pl2_020910Run01,A01,,1831,,
OY_IL4_manglende_HL_pl2_020910Run01,A01,,,1867,
OY_IL4_manglende_HL_pl2_020910Run01,A01,,,,3039
OY_IL4_manglende_HL_pl2_020910Run01,A02,1638,,,
OY_IL4_manglende_HL_pl2_020910Run01,A02,,1819,,
OY_IL4_manglende_HL_pl2_020910Run01,A02,,,1868,
OY_IL4_manglende_HL_pl2_020910Run01,A02,,,,3038
OY_IL4_manglende_HL_pl2_020910Run01,A03,1644,,,
OY_IL4_manglende_HL_pl2_020910Run01,A03,,1832,,
OY_IL4_manglende_HL_pl2_020910Run01,A03,,,1880,
OY_IL4_manglende_HL_pl2_020910Run01,A03,,,,3038
OY_IL4_manglende_HL_pl2_020910Run01,A04,1653,,,
OY_IL4_manglende_HL_pl2_020910Run01,A04,,1845,,
OY_IL4_manglende_HL_pl2_020910Run01,A04,,,1865,
OY_IL4_manglende_HL_pl2_020910Run01,A04,,,,3038
OY_IL4_manglende_HL_pl2_020910Run01,A05,1637,,,
OY_IL4_manglende_HL_pl2_020910Run01,A05,,1828,,
OY_IL4_manglende_HL_pl2_020910Run01,A05,,,1861,
OY_IL4_manglende_HL_pl2_020910Run01,A05,,,,3037
OY_IL4_manglende_HL_pl2_020910Run01,A06,1639,,,
OY_IL4_manglende_HL_pl2_020910Run01,A06,,1828,,
OY_IL4_manglende_HL_pl2_020910Run01,A06,,,1865,
OY_IL4_manglende_HL_pl2_020910Run01,A06,,,,3038
OY_IL4_manglende_HL_pl2_020910Run01,A07,1636,,,
OY_IL4_manglende_HL_pl2_020910Run01,A07,,1810,,
OY_IL4_manglende_HL_pl2_020910Run01,A07,,,1867,
OY_IL4_manglende_HL_pl2_020910Run01,A07,,,,3038
OY_IL4_manglende_HL_pl2_020910Run01,A08,1644,,,
OY_IL4_manglende_HL_pl2_020910Run01,A08,,1822,,
OY_IL4_manglende_HL_pl2_020910Run01,A08,,,1872,
OY_IL4_manglende_HL_pl2_020910Run01,A08,,,,3039
OY_IL4_manglende_HL_pl2_020910Run01,A09,1647,,,
OY_IL4_manglende_HL_pl2_020910Run01,A09,,1811,,
OY_IL4_manglende_HL_pl2_020910Run01,A09,,,1869,
OY_IL4_manglende_HL_pl2_020910Run01,A09,,,,3037
OY_IL4_manglende_HL_pl2_020910Run01,A10,1644,,,
OY_IL4_manglende_HL_pl2_020910Run01,A10,,1829,,
OY_IL4_manglende_HL_pl2_020910Run01,A10,,,1859,
OY_IL4_manglende_HL_pl2_020910Run01,A10,,,,3039
OY_IL4_manglende_HL_pl2_020910Run01,A11,1642,,,
OY_IL4_manglende_HL_pl2_020910Run01,A11,,1830,,
OY_IL4_manglende_HL_pl2_020910Run01,A11,,,1867,
OY_IL4_manglende_HL_pl2_020910Run01,A11,,,,3037
OY_IL4_manglende_HL_pl2_020910Run01,A12,1635,,,
OY_IL4_manglende_HL_pl2_020910Run01,A12,,1822,,
OY_IL4_manglende_HL_pl2_020910Run01,A12,,,1868,
OY_IL4_manglende_HL_pl2_020910Run01,A12,,,,3040
OY_IL4_manglende_HL_pl2_020910Run01,B01,1633,,,
OY_IL4_manglende_HL_pl2_020910Run01,B01,,1834,,
OY_IL4_manglende_HL_pl2_020910Run01,B01,,,1870,
OY_IL4_manglende_HL_pl2_020910Run01,B01,,,,3037
OY_IL4_manglende_HL_pl2_020910Run01,B02,1642,,,
OY_IL4_manglende_HL_pl2_020910Run01,B02,,1828,,
OY_IL4_manglende_HL_pl2_020910Run01,B02,,,1872,
OY_IL4_manglende_HL_pl2_020910Run01,B02,,,,3038
OY_IL4_manglende_HL_pl2_020910Run01,B03,1644,,,
OY_IL4_manglende_HL_pl2_020910Run01,B03,,1827,,
OY_IL4_manglende_HL_pl2_020910Run01,B03,,,1865,
OY_IL4_manglende_HL_pl2_020910Run01,B03,,,,3040
OY_IL4_manglende_HL_pl2_020910Run01,B04,1645,,,
OY_IL4_manglende_HL_pl2_020910Run01,B04,,1849,,
OY_IL4_manglende_HL_pl2_020910Run01,B04,,,1866,
OY_IL4_manglende_HL_pl2_020910Run01,B04,,,,3040
OY_IL4_manglende_HL_pl2_020910Run01,B05,1646,,,
OY_IL4_manglende_HL_pl2_020910Run01,B05,,1828,,
OY_IL4_manglende_HL_pl2_020910Run01,B05,,,1875,
OY_IL4_manglende_HL_pl2_020910Run01,B05,,,,3037
OY_IL4_manglende_HL_pl2_020910Run01,B06,1643,,,
OY_IL4_manglende_HL_pl2_020910Run01,B06,,1822,,
OY_IL4_manglende_HL_pl2_020910Run01,B06,,,1870,
OY_IL4_manglende_HL_pl2_020910Run01,B06,,,,3037
OY_IL4_manglende_HL_pl2_020910Run01,B07,1641,,,
OY_IL4_manglende_HL_pl2_020910Run01,B07,,1819,,
OY_IL4_manglende_HL_pl2_020910Run01,B07,,,1867,
OY_IL4_manglende_HL_pl2_020910Run01,B07,,,,3038
OY_IL4_manglende_HL_pl2_020910Run01,B08,1638,,,
OY_IL4_manglende_HL_pl2_020910Run01,B08,,1832,,
OY_IL4_manglende_HL_pl2_020910Run01,B08,,,1867,
OY_IL4_manglende_HL_pl2_020910Run01,B08,,,,3039
OY_IL4_manglende_HL_pl2_020910Run01,B09,1644,,,
OY_IL4_manglende_HL_pl2_020910Run01,B09,,1817,,
OY_IL4_manglende_HL_pl2_020910Run01,B09,,,1875,
OY_IL4_manglende_HL_pl2_020910Run01,B09,,,,3042
OY_IL4_manglende_HL_pl2_020910Run01,B10,1641,,,
OY_IL4_manglende_HL_pl2_020910Run01,B10,,1816,,
OY_IL4_manglende_HL_pl2_020910Run01,B10,,,1868,
OY_IL4_manglende_HL_pl2_020910Run01,B10,,,,3040
OY_IL4_manglende_HL_pl2_020910Run01,B11,1644,,,
OY_IL4_manglende_HL_pl2_020910Run01,B11,,1829,,
OY_IL4_manglende_HL_pl2_020910Run01,B11,,,1864,
OY_IL4_manglende_HL_pl2_020910Run01,B11,,,,3039
OY_IL4_manglende_HL_pl2_020910Run01,B12,1644,,,
OY_IL4_manglende_HL_pl2_020910Run01,B12,,1830,,
OY_IL4_manglende_HL_pl2_020910Run01,B12,,,1874,
OY_IL4_manglende_HL_pl2_020910Run01,B12,,,,3038
OY_IL4_manglende_HL_pl2_020910Run01,C01,1644,,,
OY_IL4_manglende_HL_pl2_020910Run01,C01,,1819,,
OY_IL4_manglende_HL_pl2_020910Run01,C01,,,1877,
OY_IL4_manglende_HL_pl2_020910Run01,C01,,,,3039
OY_IL4_manglende_HL_pl2_020910Run01,C02,1634,,,
OY_IL4_manglende_HL_pl2_020910Run01,C02,,1809,,
OY_IL4_manglende_HL_pl2_020910Run01,C02,,,1866,
OY_IL4_manglende_HL_pl2_020910Run01,C02,,,,3039
OY_IL4_manglende_HL_pl2_020910Run01,C03,1642,,,
OY_IL4_manglende_HL_pl2_020910Run01,C03,,1811,,
OY_IL4_manglende_HL_pl2_020910Run01,C03,,,1869,
OY_IL4_manglende_HL_pl2_020910Run01,C03,,,,3037
OY_IL4_manglende_HL_pl2_020910Run01,C04,1640,,,
OY_IL4_manglende_HL_pl2_020910Run01,C04,,1818,,
OY_IL4_manglende_HL_pl2_020910Run01,C04,,,1873,
OY_IL4_manglende_HL_pl2_020910Run01,C04,,,,3037
OY_IL4_manglende_HL_pl2_020910Run01,C05,1638,,,
OY_IL4_manglende_HL_pl2_020910Run01,C05,,1837,,
OY_IL4_manglende_HL_pl2_020910Run01,C05,,,1877,
OY_IL4_manglende_HL_pl2_020910Run01,C05,,,,3038
OY_IL4_manglende_HL_pl2_020910Run01,C06,1644,,,
OY_IL4_manglende_HL_pl2_020910Run01,C06,,1837,,
OY_IL4_manglende_HL_pl2_020910Run01,C06,,,1864,
OY_IL4_manglende_HL_pl2_020910Run01,C06,,,,3042
OY_IL4_manglende_HL_pl2_020910Run01,C07,1639,,,
OY_IL4_manglende_HL_pl2_020910Run01,C07,,1816,,
OY_IL4_manglende_HL_pl2_020910Run01,C07,,,1872,
OY_IL4_manglende_HL_pl2_020910Run01,C07,,,,3039
OY_IL4_manglende_HL_pl2_020910Run01,C08,1644,,,
OY_IL4_manglende_HL_pl2_020910Run01,C08,,1829,,
OY_IL4_manglende_HL_pl2_020910Run01,C08,,,1866,
OY_IL4_manglende_HL_pl2_020910Run01,C08,,,,3040
OY_IL4_manglende_HL_pl2_020910Run01,C09,1645,,,
OY_IL4_manglende_HL_pl2_020910Run01,C09,,1830,,
OY_IL4_manglende_HL_pl2_020910Run01,C09,,,1867,
OY_IL4_manglende_HL_pl2_020910Run01,C09,,,,3040
OY_IL4_manglende_HL_pl2_020910Run01,C10,1636,,,
OY_IL4_manglende_HL_pl2_020910Run01,C10,,1830,,
OY_IL4_manglende_HL_pl2_020910Run01,C10,,,1861,
OY_IL4_manglende_HL_pl2_020910Run01,C10,,,,3038
OY_IL4_manglende_HL_pl2_020910Run01,C11,1642,,,
OY_IL4_manglende_HL_pl2_020910Run01,C11,,1824,,
OY_IL4_manglende_HL_pl2_020910Run01,C11,,,1866,
OY_IL4_manglende_HL_pl2_020910Run01,C11,,,,3038
OY_IL4_manglende_HL_pl2_020910Run01,C12,1644,,,
OY_IL4_manglende_HL_pl2_020910Run01,C12,,1831,,
OY_IL4_manglende_HL_pl2_020910Run01,C12,,,1862,
OY_IL4_manglende_HL_pl2_020910Run01,C12,,,,3036
OY_IL4_manglende_HL_pl2_020910Run01,D01,1643,,,
OY_IL4_manglende_HL_pl2_020910Run01,D01,,1831,,
OY_IL4_manglende_HL_pl2_020910Run01,D01,,,1871,
OY_IL4_manglende_HL_pl2_020910Run01,D01,,,,3040
OY_IL4_manglende_HL_pl2_020910Run01,D02,1642,,,
OY_IL4_manglende_HL_pl2_020910Run01,D02,,1832,,
OY_IL4_manglende_HL_pl2_020910Run01,D02,,,1866,
OY_IL4_manglende_HL_pl2_020910Run01,D02,,,,3040
OY_IL4_manglende_HL_pl2_020910Run01,D03,1642,,,
OY_IL4_manglende_HL_pl2_020910Run01,D03,,1828,,
OY_IL4_manglende_HL_pl2_020910Run01,D03,,,1871,
OY_IL4_manglende_HL_pl2_020910Run01,D03,,,,3040
OY_IL4_manglende_HL_pl2_020910Run01,D04,1643,,,
OY_IL4_manglende_HL_pl2_020910Run01,D04,,1829,,
OY_IL4_manglende_HL_pl2_020910Run01,D04,,,1871,
OY_IL4_manglende_HL_pl2_020910Run01,D04,,,,3033
OY_IL4_manglende_HL_pl2_020910Run01,D05,1641,,,
OY_IL4_manglende_HL_pl2_020910Run01,D05,,1832,,
OY_IL4_manglende_HL_pl2_020910Run01,D05,,,1861,
OY_IL4_manglende_HL_pl2_020910Run01,D05,,,,3038
OY_IL4_manglende_HL_pl2_020910Run01,D06,1641,,,
OY_IL4_manglende_HL_pl2_020910Run01,D06,,1827,,
OY_IL4_manglende_HL_pl2_020910Run01,D06,,,1867,
OY_IL4_manglende_HL_pl2_020910Run01,D06,,,,3036
OY_IL4_manglende_HL_pl2_020910Run01,D07,1640,,,
OY_IL4_manglende_HL_pl2_020910Run01,D07,,1826,,
OY_IL4_manglende_HL_pl2_020910Run01,D07,,,1870,
OY_IL4_manglende_HL_pl2_020910Run01,D07,,,,3036
OY_IL4_manglende_HL_pl2_020910Run01,D08,1639,,,
OY_IL4_manglende_HL_pl2_020910Run01,D08,,1830,,
OY_IL4_manglende_HL_pl2_020910Run01,D08,,,1865,
OY_IL4_manglende_HL_pl2_020910Run01,D08,,,,3040
OY_IL4_manglende_HL_pl2_020910Run01,D09,1643,,,
OY_IL4_manglende_HL_pl2_020910Run01,D09,,1823,,
OY_IL4_manglende_HL_pl2_020910Run01,D09,,,1869,
OY_IL4_manglende_HL_pl2_020910Run01,D09,,,,3038
OY_IL4_manglende_HL_pl2_020910Run01,D10,1641,,,
OY_IL4_manglende_HL_pl2_020910Run01,D10,,1827,,
OY_IL4_manglende_HL_pl2_020910Run01,D10,,,1867,
OY_IL4_manglende_HL_pl2_020910Run01,D10,,,,3040
OY_IL4_manglende_HL_pl2_020910Run01,D11,1642,,,
OY_IL4_manglende_HL_pl2_020910Run01,D11,,1826,,
OY_IL4_manglende_HL_pl2_020910Run01,D11,,,1865,
OY_IL4_manglende_HL_pl2_020910Run01,D11,,,,3040
OY_IL4_manglende_HL_pl2_020910Run01,D12,1643,,,
OY_IL4_manglende_HL_pl2_020910Run01,D12,,1829,,
OY_IL4_manglende_HL_pl2_020910Run01,D12,,,1867,
OY_IL4_manglende_HL_pl2_020910Run01,D12,,,,3042
OY_IL4_manglende_HL_pl2_020910Run01,E01,1641,,,
OY_IL4_manglende_HL_pl2_020910Run01,E01,,1829,,
OY_IL4_manglende_HL_pl2_020910Run01,E01,,,1866,
OY_IL4_manglende_HL_pl2_020910Run01,E01,,,,3036
OY_IL4_manglende_HL_pl2_020910Run01,E02,1641,,,
OY_IL4_manglende_HL_pl2_020910Run01,E02,,1828,,
OY_IL4_manglende_HL_pl2_020910Run01,E02,,,1866,
OY_IL4_manglende_HL_pl2_020910Run01,E02,,,,3037
OY_IL4_manglende_HL_pl2_020910Run01,E03,1644,,,
OY_IL4_manglende_HL_pl2_020910Run01,E03,,1823,,
OY_IL4_manglende_HL_pl2_020910Run01,E03,,,1864,
OY_IL4_manglende_HL_pl2_020910Run01,E03,,,,3040
OY_IL4_manglende_HL_pl2_020910Run01,E04,1642,,,
OY_IL4_manglende_HL_pl2_020910Run01,E04,,1829,,
OY_IL4_manglende_HL_pl2_020910Run01,E04,,,1866,
OY_IL4_manglende_HL_pl2_020910Run01,E04,,,,3039
OY_IL4_manglende_HL_pl2_020910Run01,E05,1642,,,
OY_IL4_manglende_HL_pl2_020910Run01,E05,,1832,,
OY_IL4_manglende_HL_pl2_020910Run01,E05,,,1866,
OY_IL4_manglende_HL_pl2_020910Run01,E05,,,,3039
OY_IL4_manglende_HL_pl2_020910Run01,E06,1644,,,
OY_IL4_manglende_HL_pl2_020910Run01,E06,,1828,,
OY_IL4_manglende_HL_pl2_020910Run01,E06,,,1874,
OY_IL4_manglende_HL_pl2_020910Run01,E06,,,,3036
OY_IL4_manglende_HL_pl2_020910Run01,E07,1647,,,
OY_IL4_manglende_HL_pl2_020910Run01,E07,,1828,,
OY_IL4_manglende_HL_pl2_020910Run01,E07,,,1865,
OY_IL4_manglende_HL_pl2_020910Run01,E07,,,,3039
OY_IL4_manglende_HL_pl2_020910Run01,E08,1644,,,
OY_IL4_manglende_HL_pl2_020910Run01,E08,,1825,,
OY_IL4_manglende_HL_pl2_020910Run01,E08,,,1868,
OY_IL4_manglende_HL_pl2_020910Run01,E08,,,,3040
OY_IL4_manglende_HL_pl2_020910Run01,E09,1645,,,
OY_IL4_manglende_HL_pl2_020910Run01,E09,,1832,,
OY_IL4_manglende_HL_pl2_020910Run01,E09,,,1868,
OY_IL4_manglende_HL_pl2_020910Run01,E09,,,,3038
OY_IL4_manglende_HL_pl2_020910Run01,E10,1640,,,
OY_IL4_manglende_HL_pl2_020910Run01,E10,,1827,,
OY_IL4_manglende_HL_pl2_020910Run01,E10,,,1867,
OY_IL4_manglende_HL_pl2_020910Run01,E10,,,,3039
OY_IL4_manglende_HL_pl2_020910Run01,E11,1641,,,
OY_IL4_manglende_HL_pl2_020910Run01,E11,,1830,,
OY_IL4_manglende_HL_pl2_020910Run01,E11,,,1863,
OY_IL4_manglende_HL_pl2_020910Run01,E11,,,,3037
OY_IL4_manglende_HL_pl2_020910Run01,E12,1646,,,
OY_IL4_manglende_HL_pl2_020910Run01,E12,,1831,,
OY_IL4_manglende_HL_pl2_020910Run01,E12,,,1865,
OY_IL4_manglende_HL_pl2_020910Run01,E12,,,,3039
OY_IL4_manglende_HL_pl2_020910Run01,F01,1648,,,
OY_IL4_manglende_HL_pl2_020910Run01,F01,,1832,,
OY_IL4_manglende_HL_pl2_020910Run01,F01,,,1868,
OY_IL4_manglende_HL_pl2_020910Run01,F01,,,,3042
OY_IL4_manglende_HL_pl2_020910Run01,F02,1644,,,
OY_IL4_manglende_HL_pl2_020910Run01,F02,,1829,,
OY_IL4_manglende_HL_pl2_020910Run01,F02,,,1867,
OY_IL4_manglende_HL_pl2_020910Run01,F02,,,,3037
OY_IL4_manglende_HL_pl2_020910Run01,F03,1644,,,
OY_IL4_manglende_HL_pl2_020910Run01,F03,,1827,,
OY_IL4_manglende_HL_pl2_020910Run01,F03,,,1870,
OY_IL4_manglende_HL_pl2_020910Run01,F03,,,,3039
OY_IL4_manglende_HL_pl2_020910Run01,F04,1646,,,
OY_IL4_manglende_HL_pl2_020910Run01,F04,,1828,,
OY_IL4_manglende_HL_pl2_020910Run01,F04,,,1870,
OY_IL4_manglende_HL_pl2_020910Run01,F04,,,,3040
OY_IL4_manglende_HL_pl2_020910Run01,F05,1636,,,
OY_IL4_manglende_HL_pl2_020910Run01,F05,,1832,,
OY_IL4_manglende_HL_pl2_020910Run01,F05,,,1865,
OY_IL4_manglende_HL_pl2_020910Run01,F05,,,,3034
OY_IL4_manglende_HL_pl2_020910Run01,F06,1642,,,
OY_IL4_manglende_HL_pl2_020910Run01,F06,,1829,,
OY_IL4_manglende_HL_pl2_020910Run01,F06,,,1868,
OY_IL4_manglende_HL_pl2_020910Run01,F06,,,,3035
OY_IL4_manglende_HL_pl2_020910Run01,F07,1644,,,
OY_IL4_manglende_HL_pl2_020910Run01,F07,,1829,,
OY_IL4_manglende_HL_pl2_020910Run01,F07,,,1868,
OY_IL4_manglende_HL_pl2_020910Run01,F07,,,,3037
OY_IL4_manglende_HL_pl2_020910Run01,F08,1644,,,
OY_IL4_manglende_HL_pl2_020910Run01,F08,,1826,,
OY_IL4_manglende_HL_pl2_020910Run01,F08,,,1864,
OY_IL4_manglende_HL_pl2_020910Run01,F08,,,,3039
OY_IL4_manglende_HL_pl2_020910Run01,F09,1641,,,
OY_IL4_manglende_HL_pl2_020910Run01,F09,,1830,,
OY_IL4_manglende_HL_pl2_020910Run01,F09,,,1864,
OY_IL4_manglende_HL_pl2_020910Run01,F09,,,,3038
OY_IL4_manglende_HL_pl2_020910Run01,F10,1640,,,
OY_IL4_manglende_HL_pl2_020910Run01,F10,,1828,,
OY_IL4_manglende_HL_pl2_020910Run01,F10,,,1866,
OY_IL4_manglende_HL_pl2_020910Run01,F10,,,,3040
OY_IL4_manglende_HL_pl2_020910Run01,F11,1642,,,
OY_IL4_manglende_HL_pl2_020910Run01,F11,,1822,,
OY_IL4_manglende_HL_pl2_020910Run01,F11,,,1870,
OY_IL4_manglende_HL_pl2_020910Run01,F11,,,,3044
OY_IL4_manglende_HL_pl2_020910Run01,F12,1645,,,
OY_IL4_manglende_HL_pl2_020910Run01,F12,,1831,,
OY_IL4_manglende_HL_pl2_020910Run01,F12,,,1865,
OY_IL4_manglende_HL_pl2_020910Run01,F12,,,,3039
OY_IL4_manglende_HL_pl2_020910Run01,G01,1641,,,
OY_IL4_manglende_HL_pl2_020910Run01,G01,,1829,,
OY_IL4_manglende_HL_pl2_020910Run01,G01,,,1863,
OY_IL4_manglende_HL_pl2_020910Run01,G01,,,,3038
OY_IL4_manglende_HL_pl2_020910Run01,G02,1644,,,
OY_IL4_manglende_HL_pl2_020910Run01,G02,,1827,,
OY_IL4_manglende_HL_pl2_020910Run01,G02,,,1868,
OY_IL4_manglende_HL_pl2_020910Run01,G02,,,,3038
OY_IL4_manglende_HL_pl2_020910Run01,G03,1644,,,
OY_IL4_manglende_HL_pl2_020910Run01,G03,,1830,,
OY_IL4_manglende_HL_pl2_020910Run01,G03,,,1866,
OY_IL4_manglende_HL_pl2_020910Run01,G03,,,,3042
OY_IL4_manglende_HL_pl2_020910Run01,G04,1643,,,
OY_IL4_manglende_HL_pl2_020910Run01,G04,,1827,,
OY_IL4_manglende_HL_pl2_020910Run01,G04,,,1867,
OY_IL4_manglende_HL_pl2_020910Run01,G04,,,,3038
OY_IL4_manglende_HL_pl2_020910Run01,G05,1643,,,
OY_IL4_manglende_HL_pl2_020910Run01,G05,,1832,,
OY_IL4_manglende_HL_pl2_020910Run01,G05,,,1867,
OY_IL4_manglende_HL_pl2_020910Run01,G05,,,,3041
OY_IL4_manglende_HL_pl2_020910Run01,G06,1644,,,
OY_IL4_manglende_HL_pl2_020910Run01,G06,,1826,,
OY_IL4_manglende_HL_pl2_020910Run01,G06,,,1866,
OY_IL4_manglende_HL_pl2_020910Run01,G06,,,,3038
OY_IL4_manglende_HL_pl2_020910Run01,G07,1645,,,
OY_IL4_manglende_HL_pl2_020910Run01,G07,,1830,,
OY_IL4_manglende_HL_pl2_020910Run01,G07,,,1870,
OY_IL4_manglende_HL_pl2_020910Run01,G07,,,,3040
OY_IL4_manglende_HL_pl2_020910Run01,G08,1646,,,
OY_IL4_manglende_HL_pl2_020910Run01,G08,,1829,,
OY_IL4_manglende_HL_pl2_020910Run01,G08,,,1868,
OY_IL4_manglende_HL_pl2_020910Run01,G08,,,,3038
OY_IL4_manglende_HL_pl2_020910Run01,G09,1645,,,
OY_IL4_manglende_HL_pl2_020910Run01,G09,,1828,,
OY_IL4_manglende_HL_pl2_020910Run01,G09,,,1864,
OY_IL4_manglende_HL_pl2_020910Run01,G09,,,,3042
OY_IL4_manglende_HL_pl2_020910Run01,G10,1643,,,
OY_IL4_manglende_HL_pl2_020910Run01,G10,,1832,,
OY_IL4_manglende_HL_pl2_020910Run01,G10,,,1868,
OY_IL4_manglende_HL_pl2_020910Run01,G10,,,,3039
OY_IL4_manglende_HL_pl2_020910Run01,G11,1646,,,
OY_IL4_manglende_HL_pl2_020910Run01,G11,,1839,,
OY_IL4_manglende_HL_pl2_020910Run01,G11,,,1875,
OY_IL4_manglende_HL_pl2_020910Run01,G11,,,,3038
OY_IL4_manglende_HL_pl2_020910Run01,G12,1641,,,
OY_IL4_manglende_HL_pl2_020910Run01,G12,,1830,,
OY_IL4_manglende_HL_pl2_020910Run01,G12,,,1866,
OY_IL4_manglende_HL_pl2_020910Run01,G12,,,,3037
OY_IL4_manglende_HL_pl2_020910Run01,H01,1641,,,
OY_IL4_manglende_HL_pl2_020910Run01,H01,,1824,,
OY_IL4_manglende_HL_pl2_020910Run01,H01,,,1869,
OY_IL4_manglende_HL_pl2_020910Run01,H01,,,,3037
OY_IL4_manglende_HL_pl2_020910Run01,H02,1638,,,
OY_IL4_manglende_HL_pl2_020910Run01,H02,,1823,,
OY_IL4_manglende_HL_pl2_020910Run01,H02,,,1866,
OY_IL4_manglende_HL_pl2_020910Run01,H02,,,,3038
OY_IL4_manglende_HL_pl2_020910Run01,H03,1646,,,
OY_IL4_manglende_HL_pl2_020910Run01,H03,,1830,,
OY_IL4_manglende_HL_pl2_020910Run01,H03,,,1865,
OY_IL4_manglende_HL_pl2_020910Run01,H03,,,,3039
OY_IL4_manglende_HL_pl2_020910Run01,H04,1645,,,
OY_IL4_manglende_HL_pl2_020910Run01,H04,,1829,,
OY_IL4_manglende_HL_pl2_020910Run01,H04,,,1862,
OY_IL4_manglende_HL_pl2_020910Run01,H04,,,,3038
OY_IL4_manglende_HL_pl2_020910Run01,H05,1645,,,
OY_IL4_manglende_HL_pl2_020910Run01,H05,,1830,,
OY_IL4_manglende_HL_pl2_020910Run01,H05,,,1859,
OY_IL4_manglende_HL_pl2_020910Run01,H05,,,,3040
OY_IL4_manglende_HL_pl2_020910Run01,H06,1646,,,
OY_IL4_manglende_HL_pl2_020910Run01,H06,,1829,,
OY_IL4_manglende_HL_pl2_020910Run01,H06,,,1869,
OY_IL4_manglende_HL_pl2_020910Run01,H06,,,,3032
OY_IL4_manglende_HL_pl2_020910Run01,H07,1642,,,
OY_IL4_manglende_HL_pl2_020910Run01,H07,,1829,,
OY_IL4_manglende_HL_pl2_020910Run01,H07,,,1865,
OY_IL4_manglende_HL_pl2_020910Run01,H07,,,,3038
OY_IL4_manglende_HL_pl2_020910Run01,H08,1649,,,
OY_IL4_manglende_HL_pl2_020910Run01,H08,,1823,,
OY_IL4_manglende_HL_pl2_020910Run01,H08,,,1855,
OY_IL4_manglende_HL_pl2_020910Run01,H08,,,,3038
OY_IL4_manglende_HL_pl2_020910Run01,H09,1642,,,
OY_IL4_manglende_HL_pl2_020910Run01,H09,,1832,,
OY_IL4_manglende_HL_pl2_020910Run01,H09,,,1878,
OY_IL4_manglende_HL_pl2_020910Run01,H09,,,,3039
OY_IL4_manglende_HL_pl2_020910Run01,H10,1643,,,
OY_IL4_manglende_HL_pl2_020910Run01,H10,,1831,,
OY_IL4_manglende_HL_pl2_020910Run01,H10,,,1867,
OY_IL4_manglende_HL_pl2_020910Run01,H10,,,,3039
OY_IL4_manglende_HL_pl2_020910Run01,H11,1645,,,
OY_IL4_manglende_HL_pl2_020910Run01,H11,,1831,,
OY_IL4_manglende_HL_pl2_020910Run01,H11,,,1866,
OY_IL4_manglende_HL_pl2_020910Run01,H11,,,,3039
OY_IL4_manglende_HL_pl2_020910Run01,H12,1645,,,
OY_IL4_manglende_HL_pl2_020910Run01,H12,,1830,,
OY_IL4_manglende_HL_pl2_020910Run01,H12,,,1867,
OY_IL4_manglende_HL_pl2_020910Run01,H12,,,,3037
